Date,Open,High,Low,Close,Volume,TSN_Close,XLP_Close,CALM_Close,USD_MXN
2013-07-25,10.392556,10.507816,10.258088,10.501412,491100,20.271559,29.259361,17.716730,12.599050
2013-07-26,10.443783,10.546236,10.334927,10.520623,332000,20.308960,29.224169,17.668276,12.658500
2013-07-29,10.405362,10.565445,10.360539,10.469396,499900,20.219193,29.160847,17.824018,12.748400
2013-07-30,10.546236,10.763948,10.437380,10.450187,743000,20.428646,29.132700,17.841322,12.761300
2013-07-31,10.507816,10.744739,10.488606,10.642286,564200,20.660532,29.125666,17.540218,12.740000
2013-08-01,11.289018,11.481118,10.642286,11.391472,1981600,21.288881,29.364918,17.010696,12.829100
2013-08-02,11.493925,11.890929,11.257003,11.769266,2007300,21.326275,29.378992,17.332560,12.653300
2013-08-05,11.954962,12.313546,11.718039,11.814090,2167500,22.208956,29.400091,17.481380,12.639500
2013-08-06,11.782072,11.865315,11.730846,11.839702,1019400,22.971943,29.364918,17.505611,12.616500
2013-08-07,11.782072,11.839702,11.340244,11.602780,1150800,22.889664,29.224169,17.277184,12.740000
2013-08-08,11.654006,11.903734,11.628392,11.698829,1486100,23.016817,29.378992,17.076452,12.596200
2013-08-09,11.724443,11.897332,11.538748,11.557957,883900,23.458158,29.252321,16.986464,12.610300
2013-08-12,11.525941,11.878122,11.519538,11.654008,950200,23.383354,29.167889,17.069527,12.671500
2013-08-13,11.711637,11.865316,11.628393,11.788476,692200,23.809729,29.188986,17.048756,12.726200
2013-08-14,11.788476,12.153464,11.128936,11.897332,2667400,23.787294,28.984924,16.733816,12.732500
2013-08-15,11.372261,11.404277,10.520623,10.559042,2528400,23.540436,28.520491,16.567682,12.816100
2013-08-16,10.546236,10.962451,10.533430,10.892015,1794200,23.518000,28.351616,16.429249,12.904200
2013-08-19,10.898417,10.949643,10.655091,10.661494,803800,23.682566,28.224943,16.308111,13.065100
2013-08-20,10.655091,10.968853,10.578252,10.930433,1856300,23.809729,28.231968,16.446550,12.971500
2013-08-21,10.943241,10.975257,10.584656,10.635882,800500,23.585320,28.013844,16.062380,13.248600
2013-08-22,10.815174,10.853595,10.725528,10.776754,348700,23.488071,28.133461,16.294271,13.055600
2013-08-23,10.821578,10.885611,10.616673,10.738336,588400,23.547926,28.295303,16.214668,12.946200
2013-08-26,10.693512,10.693512,9.899502,9.905906,2165700,21.819977,27.964567,16.117764,13.176020
2013-08-27,9.668983,10.078794,9.515304,9.950728,1936700,21.782572,27.816799,15.764738,13.252060
2013-08-28,9.912308,10.072391,9.713806,9.777840,1294200,21.318001,27.605696,15.737055,13.312940
2013-08-29,9.745824,10.040376,9.720211,9.937923,1229100,21.662685,27.718285,15.920485,13.321320
2013-08-30,9.944325,10.014762,9.733016,9.816259,685200,21.692656,27.802732,15.792429,13.366190
2013-09-02,9.944325,10.014762,9.733016,9.816259,0,21.692656,27.802732,15.792429,13.366190
2013-09-03,9.950729,10.008358,9.777840,9.982745,1049200,21.610241,27.781626,15.861648,13.387000
2013-09-04,10.001956,10.155635,9.925116,10.117215,1616100,22.119770,27.957535,15.930864,13.307400
2013-09-05,10.117214,10.251683,10.117214,10.162037,1121600,22.299604,27.915316,16.062380,13.375870
2013-09-06,10.219668,10.245281,9.925116,10.136425,821000,22.104776,27.985678,15.903178,13.160320
2013-09-09,10.155634,10.232474,9.925116,10.206861,1066100,22.367037,28.182714,16.391178,13.097930
2013-09-10,10.245281,10.277297,10.104408,10.110811,974400,22.367037,28.210865,16.110836,13.074570
2013-09-11,10.072391,10.219667,10.033972,10.206861,1070100,22.539387,28.414930,16.138527,13.034570
2013-09-12,10.206860,10.245280,10.001955,10.027568,689700,22.629301,28.421978,16.103914,13.063660
2013-09-13,10.027568,10.258088,9.925116,10.251684,1106900,22.666769,28.654186,16.342726,13.035790
2013-09-16,10.411766,10.565445,10.302910,10.533429,1098400,22.704235,28.914557,16.335802,12.930350
2013-09-17,10.578251,10.808769,10.469395,10.808769,914000,22.681757,29.013071,16.425783,12.918940
2013-09-18,10.808769,10.866399,10.584655,10.808769,601000,22.801645,29.357878,16.612677,12.649580
2013-09-19,10.872804,10.872804,10.527027,10.738336,494400,22.794146,29.224169,16.657669,12.709720
2013-09-20,10.738335,11.154550,10.731932,11.071307,1345000,22.719215,29.019526,16.526150,12.848260
2013-09-23,11.058500,11.071307,10.546235,10.827981,875000,22.382030,28.892067,16.719969,12.807980
2013-09-24,10.821577,11.218582,10.712721,10.898417,1052000,22.007374,28.757513,16.851486,12.963100
2013-09-25,10.943241,11.186566,10.834385,11.128936,900200,21.482845,28.516745,17.038380,13.005100
2013-09-26,11.141742,11.141742,10.744738,10.757544,825900,21.385437,28.665453,17.114519,13.073000
2013-09-27,10.757544,11.122533,10.623075,11.077709,864000,21.430401,28.488424,16.927624,13.136170
2013-09-30,10.872803,10.924029,10.655091,10.744738,1039300,21.190617,28.183914,16.636904,13.090040
2013-10-01,10.725528,10.834384,10.629478,10.770350,674900,21.355461,28.353878,16.740732,13.162110
2013-10-02,10.693513,10.834385,10.456590,10.488606,1153900,21.250559,28.290136,16.526150,13.107480
2013-10-03,10.469397,10.693513,10.142829,10.366944,1275000,21.153149,28.148514,16.661129,13.170150
2013-10-04,10.354136,10.373347,10.206860,10.354136,1058500,21.610241,28.191010,16.927624,13.071590
2013-10-07,10.552639,10.559043,10.213265,10.232474,684100,21.527809,28.098942,16.816879,13.134700
2013-10-08,10.162038,10.200458,9.931520,9.931520,1112700,21.205601,28.098942,16.948399,13.195700
2013-10-09,9.963536,10.168441,9.944326,10.072392,799200,21.505327,28.120188,17.072987,13.188580
2013-10-10,10.251685,10.405364,10.187651,10.341331,733400,21.954916,28.644209,17.370634,13.105330
2013-10-11,10.354137,10.443783,10.264491,10.405363,644600,22.299604,28.729193,17.619823,12.983500
2013-10-14,10.238877,10.277296,10.046778,10.226070,777000,21.992380,28.849573,17.754801,13.000000
2013-10-15,10.213264,10.392556,10.181247,10.200458,700900,21.917448,28.587561,17.612902,12.989710
2013-10-16,10.302911,10.533430,10.277297,10.456590,559900,22.149744,29.012442,17.730574,12.845740
2013-10-17,10.341329,10.591059,10.334926,10.495008,705100,22.307100,29.338190,17.844786,12.778730
2013-10-18,10.520622,10.591059,9.604950,9.790646,2243200,21.318001,29.380680,17.893238,12.849020
2013-10-21,9.893099,9.893099,9.259173,9.329609,1685500,21.123178,29.316948,17.820557,12.986720
2013-10-22,9.284785,9.636967,9.227156,9.521708,1045800,21.647696,29.685167,17.920927,12.844470
2013-10-23,9.432061,9.432061,9.169526,9.201543,1251900,21.460373,29.741833,17.869015,12.985540
2013-10-24,9.175930,9.451272,9.156720,9.214350,1219900,21.228083,29.685167,17.986685,12.960690
2013-10-25,9.252769,9.400045,8.945410,9.252769,1899200,21.085711,29.755989,18.256643,12.877220
2013-10-28,9.284786,9.387239,9.150317,9.220753,1057600,21.303019,30.145462,18.151985,12.875520
2013-10-29,9.271978,9.323205,9.073476,9.207946,847600,21.385437,30.407478,18.082680,12.928260
2013-10-30,9.207946,9.259173,8.971024,9.015847,1109400,20.800968,30.145462,17.871288,12.952350
2013-10-31,9.246366,9.464078,8.913394,9.073477,2032100,20.733540,29.989676,17.580189,13.015100
2013-11-01,9.067074,9.118300,8.855765,9.015847,1480100,20.763508,30.102974,17.341072,13.055700
2013-11-04,9.067073,9.489691,9.009443,9.444868,1288100,20.658604,30.131296,17.718800,12.983190
2013-11-05,9.406449,9.476886,9.265577,9.316803,897300,20.868412,30.187952,17.957920,13.161400
2013-11-06,9.368029,9.489691,9.252769,9.278382,768900,20.973318,30.513693,18.093075,13.166280
2013-11-07,9.291189,9.336012,8.906991,8.913394,882400,20.651114,30.067564,17.805443,13.220250
2013-11-08,8.906990,9.143913,8.810941,9.086283,1228800,20.980808,30.216276,18.051487,13.162730
2013-11-11,9.060669,9.233559,8.939007,9.079880,589800,20.920862,30.124220,18.110399,13.216980
2013-11-12,9.035057,9.303995,9.035057,9.259172,649400,21.025766,30.173790,17.999506,13.174000
2013-11-13,9.214350,9.835469,9.214350,9.835469,1148900,21.377947,30.428719,17.933664,13.005510
2013-11-14,9.797050,9.899503,9.611355,9.873890,966500,21.452877,30.648247,17.940594,12.956060
2013-11-15,9.867485,9.937922,9.758629,9.867485,883600,21.557777,30.683649,17.899008,12.927300
2013-11-18,9.969938,10.085197,9.765032,9.867485,895400,22.044834,30.591583,17.957920,12.887710
2013-11-19,9.841873,10.027569,9.701001,9.873890,969800,23.063904,30.478287,18.023762,12.946100
2013-11-20,9.886695,10.072391,9.880292,10.040375,723800,23.161312,30.350832,17.992575,13.082830
2013-11-21,10.085198,10.398960,10.008359,10.360540,995300,23.528477,30.407478,18.318323,13.019900
2013-11-22,10.405363,10.437379,10.264491,10.354136,856200,23.843195,30.563274,18.557438,12.960200
2013-11-25,10.430977,10.725528,10.296507,10.559042,1004900,23.663355,30.513693,18.515858,13.035870
2013-11-26,10.603865,10.712721,10.495009,10.501412,829300,23.802305,30.485373,18.872793,13.053480
2013-11-27,10.482203,10.559042,10.379749,10.559042,457500,23.772266,30.506615,19.035675,13.114960
2013-11-28,10.482203,10.559042,10.379749,10.559042,0,23.772266,30.506615,19.035675,13.114960
2013-11-29,10.597463,10.687110,10.424574,10.488606,252400,23.802305,30.457045,19.042603,13.099170
2013-12-02,10.501413,10.642286,10.437380,10.520623,875000,24.005098,30.294165,19.073797,13.200580
2013-12-03,10.482204,10.591060,10.443784,10.488606,1257400,24.666080,30.442888,19.167360,13.100810
2013-12-04,10.450186,10.642286,10.437379,10.559042,672600,25.056648,30.372070,19.080723,13.042090
2013-12-05,10.507815,10.565445,10.328522,10.398959,516600,24.718647,30.095890,19.039137,13.085840
2013-12-06,10.533429,10.565445,10.430976,10.527025,542800,25.402147,30.506615,19.444595,12.923290
2013-12-09,10.520623,10.565446,10.328523,10.334927,887800,25.379612,30.612839,19.444595,12.837490
2013-12-10,10.277296,10.565445,10.168441,10.546235,795200,25.514814,30.350832,19.001022,12.849300
2013-12-11,10.533430,10.559042,10.270894,10.296507,527200,25.484774,30.400394,18.931704,13.020390
2013-12-12,10.251685,10.366944,10.130021,10.213264,473800,25.229399,29.982599,18.917850,12.960400
2013-12-13,10.213264,10.360540,10.053181,10.258087,520700,24.868868,29.933037,18.987164,12.872890
2013-12-16,10.290103,10.456589,10.290103,10.386152,396000,25.229399,29.925941,18.962900,12.926400
2013-12-17,10.386152,10.398959,10.174844,10.290103,401400,24.906418,29.784309,18.775764,12.948260
2013-12-18,10.283700,10.527026,10.226071,10.501412,535500,25.462234,30.280010,18.969828,12.901100
2013-12-19,10.495009,10.507816,10.296507,10.296507,412800,25.417173,30.223368,18.484673,12.945300
2013-12-20,10.347734,10.610269,10.315718,10.603866,952400,24.943974,30.360355,19.600544,12.969800
2013-12-23,10.667898,10.699914,10.418170,10.623075,483300,25.041618,30.331814,20.823843,12.981350
2013-12-24,10.450186,10.616672,10.450186,10.533429,232900,25.116735,30.374617,20.920872,13.015110
2013-12-25,10.450186,10.616672,10.450186,10.533429,0,25.116735,30.374617,20.920872,13.015110
2013-12-26,10.565446,10.699915,10.495009,10.520623,439200,25.011574,30.495934,21.004045,13.065540
2013-12-27,10.565445,10.623075,10.469396,10.546235,222900,25.139261,30.567286,20.879290,13.050000
2013-12-30,10.507815,10.597461,10.405363,10.533429,317300,25.221880,30.645769,20.920872,13.062390
2013-12-31,10.527026,10.552639,10.245281,10.405363,874200,25.131756,30.667168,20.872356,13.027310
2014-01-01,10.527026,10.552639,10.245281,10.405363,0,25.131756,30.667168,20.872356,13.027310
2014-01-02,10.341330,10.366944,10.187651,10.213264,450600,24.913933,30.289017,19.891640,13.148460
2014-01-03,10.232474,10.366944,10.142829,10.245281,551200,25.101702,30.231924,20.054510,13.093900
2014-01-06,10.334927,10.366944,10.174845,10.181248,660700,24.936466,30.117765,19.746092,13.069170
2014-01-07,10.213264,10.373347,10.206861,10.251684,832400,25.019079,30.281864,19.683710,13.007900
2014-01-08,10.251684,10.334926,10.130021,10.322121,437900,25.477257,30.053543,19.347567,13.124700
2014-01-09,10.334926,10.623075,10.219667,10.623075,1251000,25.988005,30.210518,19.077261,13.084790
2014-01-10,10.655091,10.866399,10.603864,10.744738,862400,26.168264,30.253328,19.205479,12.959300
2014-01-13,10.821578,10.821578,10.123619,10.149232,938000,25.462234,30.082088,18.709927,13.071170
2014-01-14,10.168441,10.347733,10.168441,10.315717,695500,25.890371,30.239063,18.761906,13.077280
2014-01-15,10.360540,10.450186,10.206860,10.309314,557200,26.123199,30.246191,18.550510,13.195700
2014-01-16,10.258088,10.418170,10.258088,10.334927,433300,26.318480,30.253328,18.422289,13.272200
2014-01-17,10.334926,10.398960,10.277297,10.296507,358600,26.318480,30.017864,18.411894,13.233440
2014-01-20,10.334926,10.398960,10.277297,10.296507,0,26.318480,30.017864,18.411894,13.233440
2014-01-21,10.334925,10.469395,10.322120,10.418169,560700,26.280931,30.132036,18.491600,13.273600
2014-01-22,10.495008,10.610268,10.469396,10.552638,604900,26.724085,30.132036,18.467346,13.298600
2014-01-23,10.424574,10.552639,10.334927,10.520623,512000,26.633959,29.868027,18.231688,13.393500
2014-01-24,10.411766,10.520622,10.213263,10.238876,516800,26.115692,29.596880,17.836628,13.448450
2014-01-27,10.302910,10.302910,10.021165,10.033972,462800,26.025560,29.475595,17.798594,13.373200
2014-01-28,10.021166,10.155635,9.925117,9.957133,577400,26.033075,29.703917,17.672956,13.177200
2014-01-29,9.841872,9.995551,9.694597,9.982745,565000,25.830276,29.183043,17.247185,13.394450
2014-01-30,10.104408,10.206861,10.001955,10.033972,474000,25.905388,29.225853,17.554295,13.354500
2014-01-31,9.854679,10.840787,9.822663,10.712721,2303400,28.091078,29.083153,17.582214,13.345140
2014-02-03,10.712721,10.834384,10.206860,10.322121,1279200,27.054556,28.455256,17.264631,13.523930
2014-02-04,10.379750,10.398960,10.136425,10.174845,755500,26.641460,28.605097,17.418188,13.310650
2014-02-05,10.117214,10.258087,9.893098,10.130020,536100,26.731598,28.626486,17.397247,13.265520
2014-02-06,10.162037,10.245280,9.867485,9.963535,486700,26.814213,28.933319,17.470537,13.256360
2014-02-07,10.008359,10.091602,9.841873,10.053182,580400,27.107143,29.204451,17.467051,13.259530
2014-02-10,10.008358,10.059584,9.797049,9.899502,863100,27.415089,29.318621,17.547316,13.307370
2014-02-11,9.873889,10.277296,9.816259,10.155634,681400,27.610378,29.661102,17.802078,13.288870
2014-02-12,10.155634,10.366943,10.155634,10.354136,613500,27.708027,29.532665,17.714830,13.314900
2014-02-13,10.264491,10.495009,10.194054,10.482203,484600,28.143654,29.682516,17.941671,13.256000
2014-02-14,10.488606,10.629479,10.347734,10.591060,485300,28.338940,29.853764,18.088253,13.233710
2014-02-17,10.488606,10.629479,10.347734,10.591060,0,28.338940,29.853764,18.088253,13.233710
2014-02-18,10.661495,10.725528,10.533429,10.667898,519400,28.797102,29.682516,18.283691,13.237300
2014-02-19,10.655091,10.712721,10.546235,10.693512,510100,28.759558,29.618298,18.151070,13.321560
2014-02-20,10.680705,10.988063,10.629479,10.943240,1042700,29.420515,29.746725,18.377918,13.273600
2014-02-21,11.141742,11.205775,10.277296,10.674301,2171700,29.225241,29.682516,18.304632,13.257460
2014-02-24,10.872804,11.026483,10.712721,10.815174,1108800,29.187685,29.789539,18.444225,13.248580
2014-02-25,10.847191,10.930433,10.751142,10.898417,1088500,29.240261,29.903702,18.192951,13.222000
2014-02-26,10.911224,11.180162,10.802368,11.116130,1436400,29.432159,29.875158,18.297649,13.339860
2014-02-27,11.116130,11.205776,11.039290,11.122534,685400,29.281656,30.010727,18.252275,13.250100
2014-02-28,11.154549,11.359455,11.148146,11.224986,897100,29.688032,30.217653,18.346510,13.244380
2014-03-03,11.096919,11.192968,10.975256,11.000870,985900,29.206390,30.053543,19.358583,13.306690
2014-03-04,11.135339,11.525941,11.000870,11.474714,1101900,29.800911,30.460253,19.969320,13.275140
2014-03-05,11.474715,11.807687,11.353052,11.654008,715200,30.417994,30.360355,20.157774,13.237300
2014-03-06,11.769265,11.775669,11.506730,11.641200,735500,30.229868,30.353226,20.409048,13.149480
2014-03-07,11.737250,11.916542,11.602781,11.814090,1249300,30.305111,30.438848,20.314825,13.179660
2014-03-10,11.820492,11.910139,11.673216,11.897332,556000,30.244905,30.467394,20.346231,13.210500
2014-03-11,11.916543,11.929349,11.589974,11.673217,734200,29.906271,30.453114,20.115896,13.284400
2014-03-12,11.596378,11.986978,11.532345,11.961366,564900,30.455620,30.517338,20.241533,13.239900
2014-03-13,12.057415,12.083029,11.397874,11.647604,850800,30.455620,30.367489,20.328779,13.285910
2014-03-14,12.159867,12.332757,11.929348,12.255917,1681900,31.215700,30.381771,20.681265,13.201950
2014-03-17,12.326353,12.646518,12.268724,12.390387,1114900,31.358683,30.560135,20.831327,13.157340
2014-03-18,12.390387,12.697746,12.326354,12.627309,524700,31.855385,30.624361,21.187302,13.147470
2014-03-19,12.665728,12.678534,12.313546,12.409595,459900,31.539299,30.388897,20.869720,13.284800
2014-03-20,12.351968,12.524856,12.275128,12.422403,492800,31.825258,30.495934,20.590525,13.251390
2014-03-21,12.460823,12.665729,12.313547,12.544066,1049300,31.885466,30.478718,20.576565,13.228690
2014-03-24,12.544066,12.761778,12.428806,12.582485,840900,31.885466,30.450020,20.587034,13.181800
2014-03-25,12.646519,12.761778,12.415999,12.563276,580900,31.930624,30.672350,20.429991,13.113910
2014-03-26,12.646517,12.902649,12.492838,12.665728,1121500,32.261742,30.600628,20.164755,13.121480
2014-03-27,12.665729,12.716955,12.313546,12.390387,694900,32.261742,30.579115,19.861130,13.060200
2014-03-28,12.371177,12.851424,12.358370,12.697745,871000,32.472450,30.658001,20.070530,13.066980
2014-03-31,12.742567,13.690255,12.742567,13.395704,1862500,33.119656,30.880308,21.909714,13.047710
2014-04-01,13.466140,13.709465,13.286847,13.536575,1082400,32.698227,30.830124,22.283138,13.050120
2014-04-02,13.536576,13.562190,13.139572,13.293251,1175100,31.185598,30.865978,21.920183,13.088210
2014-04-03,13.299655,13.389301,13.210008,13.299655,511900,31.599508,30.901833,21.920183,13.118940
2014-04-04,13.376494,13.434124,12.864231,12.921861,674400,31.020035,30.801428,21.522333,13.000000
2014-04-07,12.915457,13.210008,12.505646,12.793794,761500,30.869522,30.830124,21.375755,13.006640
2014-04-08,12.813003,13.120361,12.665728,12.979489,1235200,31.298487,30.987881,21.435083,13.068730
2014-04-09,13.062732,13.581399,13.024313,13.382897,939400,31.825258,31.124157,21.627033,12.985300
2014-04-10,13.344477,13.472544,13.133168,13.133168,902800,31.095301,30.815771,21.305960,13.059100
2014-04-11,13.075540,13.440528,12.915457,13.306059,1386300,31.358683,30.658001,21.180325,13.036920
2014-04-14,13.472545,13.658240,13.216412,13.485351,1091400,31.893002,30.901833,21.169851,13.018480
2014-04-15,13.485352,13.792711,13.344480,13.754291,1124500,31.938150,30.980722,21.260588,13.091620
2014-04-16,13.952791,14.093663,13.658238,14.074452,1309000,32.171432,31.281919,21.463007,13.056920
2014-04-17,14.023227,14.369005,14.023227,14.311376,1012500,32.096184,31.289091,21.787569,13.042100
2014-04-18,14.023227,14.369005,14.023227,14.311376,0,32.096184,31.289091,21.787569,13.042100
2014-04-21,14.426636,14.471459,14.029631,14.253747,799600,32.382149,31.303427,21.839920,13.020430
2014-04-22,14.304973,14.401022,14.119276,14.388215,627600,32.510094,31.289091,21.958574,13.051680
2014-04-23,14.413830,14.522686,14.266554,14.413830,649300,32.547695,31.238894,21.613075,13.065700
2014-04-24,14.548299,14.586720,14.176908,14.298571,406300,31.983294,31.360809,21.382738,13.092840
2014-04-25,14.247343,14.394618,13.792709,13.882355,1079300,31.930624,31.403837,21.002335,13.127780
2014-04-28,13.882356,14.080858,13.536577,13.779903,909400,31.998348,31.762415,21.270554,13.119060
2014-04-29,13.799111,13.959193,13.677449,13.767095,726200,31.456505,31.626154,20.752445,13.104700
2014-04-30,13.856742,14.285764,13.651837,13.997616,1146200,31.584457,31.726543,21.016787,13.074780
2014-05-01,14.023227,14.298569,12.800197,14.119276,2734700,31.915564,31.697851,20.801786,13.039040
2014-05-02,14.164101,15.034949,14.100068,14.900480,1596600,32.096184,31.697851,20.939245,13.011240
2014-05-05,14.823639,15.105385,14.477862,14.970915,1734200,28.927954,31.626154,20.868757,13.044300
2014-05-06,14.958111,15.239856,14.887675,14.951708,1712800,28.784981,31.425344,20.812366,13.027430
2014-05-07,15.009335,15.361516,14.945302,15.220644,1614800,29.522469,31.726543,20.847609,12.964490
2014-05-08,15.265469,15.470374,15.028546,15.169419,1231000,29.469786,31.769583,20.678431,12.942860
2014-05-09,15.195033,15.220646,14.964515,15.201436,959000,29.672966,31.920168,21.224735,12.942090
2014-05-12,15.367921,15.873782,15.278275,15.784135,1335700,29.974005,31.948860,21.922596,12.949010
2014-05-13,15.809749,16.117107,15.784135,15.880184,1417000,30.177183,32.013412,21.926111,12.905450
2014-05-14,15.912203,16.027462,15.592038,15.694490,1372200,30.214821,31.841291,21.904966,12.891300
2014-05-15,15.700893,15.886588,15.489584,15.764926,1469300,30.553455,31.561611,22.038898,12.953950
2014-05-16,15.886589,15.957026,15.579231,15.713701,972200,30.779228,31.755236,22.479467,12.889000
2014-05-19,15.713701,15.880186,15.636861,15.777733,923600,30.831905,31.690687,23.586174,12.896400
2014-05-20,15.771328,15.892991,15.579229,15.732908,1313100,30.583557,31.575953,24.086655,12.911940
2014-05-21,15.739313,16.097897,15.739313,16.072285,1207800,29.936373,31.755236,23.913956,12.921820
2014-05-22,16.046670,16.168333,15.828958,15.944218,835200,29.447214,31.705038,23.931581,12.874240
2014-05-23,16.008251,16.091494,15.790539,16.072285,864100,29.891222,31.755236,24.128950,12.852210
2014-05-26,16.008251,16.091494,15.790539,16.072285,0,29.891222,31.755236,24.128950,12.852210
2014-05-27,16.776647,17.205669,16.206753,16.341223,3588800,31.260855,31.841291,24.280502,12.856800
2014-05-28,16.379644,16.430870,16.046672,16.251577,1587000,30.721800,31.798244,23.928049,12.865310
2014-05-29,16.123510,16.123510,15.777731,16.065880,1751600,32.606579,32.049274,24.111322,12.837200
2014-05-30,16.021060,16.373241,16.021060,16.289999,2257900,32.010990,32.300266,24.587137,12.855670
2014-06-02,16.386046,16.622967,16.219560,16.597355,1191900,32.719654,32.221386,24.484930,12.909700
2014-06-03,16.501306,16.578145,16.200350,16.225964,2537600,31.724514,32.106640,24.523693,12.938710
2014-06-04,16.174737,16.898309,16.046670,16.866293,1455900,31.234467,32.221386,25.366060,12.924050
2014-06-05,16.981552,17.103214,16.642177,17.000761,1062400,30.834892,32.350456,25.559908,12.862860
2014-06-06,16.744630,16.930326,16.488498,16.821470,1417100,30.246840,32.436516,25.545803,12.925580
2014-06-09,16.654986,16.712615,15.585634,15.694490,2544100,28.271606,32.386318,25.041800,13.016500
2014-06-10,15.694489,16.072283,15.624052,16.021057,1239600,27.193506,32.386318,24.749264,13.019200
2014-06-11,15.950622,16.161931,15.905799,16.136318,842700,27.208590,32.300266,24.372141,13.003150
2014-06-12,16.014655,16.014655,15.681683,15.816153,1150000,26.514992,32.070789,24.537794,12.976260
2014-06-13,15.854573,15.854573,15.515197,15.630457,821000,26.711010,32.063602,24.573036,13.011900
2014-06-16,15.604843,15.892991,15.528003,15.841764,999100,26.499916,32.185524,25.010077,13.041420
2014-06-17,15.790539,16.117107,15.758523,16.053074,878800,26.741161,32.185524,25.091145,13.109300
2014-06-18,16.053074,16.578145,16.027462,16.526918,1477500,27.170893,32.565617,25.496466,12.986390
2014-06-19,16.558936,16.616566,16.225964,16.411659,800900,27.118124,32.752083,25.235649,13.020800
2014-06-20,16.443675,16.642177,16.213156,16.610161,1853800,27.472460,32.651707,25.774904,12.983820
2014-06-23,16.546127,16.751033,16.104299,16.149122,990900,27.344305,32.471195,25.408356,13.031100
2014-06-24,15.681682,15.880184,15.367921,15.739312,1602900,27.163347,32.355663,25.514097,13.058920
2014-06-25,15.771329,16.142720,15.643263,16.117107,1167000,27.427227,32.305111,25.619829,13.002200
2014-06-26,16.046670,16.430868,15.957024,16.360432,952600,27.917257,32.189575,25.732613,13.011910
2014-06-27,16.289997,17.378558,16.206754,17.180056,10654600,28.226357,32.247341,26.155550,12.955910
2014-06-30,17.224878,17.609076,16.904713,17.519430,2638600,28.301758,32.218460,26.194323,12.970320
2014-07-01,17.647496,17.929242,17.468204,17.730740,1653700,28.550549,32.290668,26.536201,12.939000
2014-07-02,17.794772,18.422296,17.794772,18.383875,1938500,29.372307,32.377323,26.236616,12.987930
2014-07-03,18.454312,18.575975,18.108535,18.575975,3908300,29.033043,32.557823,26.631363,12.954800
2014-07-04,18.454312,18.575975,18.108535,18.575975,0,29.033043,32.557823,26.631363,12.954800
2014-07-07,18.377473,18.652814,18.294230,18.537556,1835200,29.417538,32.608379,26.701859,13.015990
2014-07-08,18.479925,19.094642,18.358262,18.889736,2875600,29.583410,32.543388,26.321209,12.983180
2014-07-09,19.107448,19.177884,18.825702,19.011398,1815500,29.259216,32.687801,26.441046,12.967600
2014-07-10,18.857719,19.401999,18.627200,19.229111,1845300,29.500473,32.637264,26.772350,12.990560
2014-07-11,19.325160,19.459629,18.979381,19.421209,1151100,29.915138,32.680576,27.001440,12.975000
2014-07-14,19.594099,19.754182,19.472436,19.568485,1596100,30.043289,32.796108,27.646423,12.944900
2014-07-15,19.600503,19.920668,19.530067,19.760586,1739400,29.598478,32.507294,27.096605,12.942630
2014-07-16,19.869443,20.055138,19.619713,19.747780,1531600,29.575863,32.514511,27.145945,12.924800
2014-07-17,19.690149,19.831022,19.350774,19.427614,1422100,29.447695,32.312344,26.923904,12.994800
2014-07-18,19.549277,19.805409,19.427614,19.760586,1135500,29.764341,32.637264,27.664055,12.942580
2014-07-21,19.747778,19.747778,19.229111,19.459629,1163800,29.221514,32.485630,27.093090,12.967910
2014-07-22,19.517259,20.253638,19.504452,20.183203,1420200,29.809578,32.427864,27.942493,12.935000
2014-07-23,20.234429,20.317671,20.074346,20.163992,1085400,29.621101,32.384537,27.452579,12.928740
2014-07-24,20.266445,20.407319,20.183203,20.304865,1543800,29.982985,32.471195,27.762737,12.954300
2014-07-25,20.279253,20.426529,20.183204,20.253639,1201300,29.809578,32.341217,27.946018,12.941570
2014-07-28,20.452142,20.560998,19.895054,19.959087,1559100,30.578562,32.175137,26.596119,13.000000
2014-07-29,20.042329,20.176799,19.574889,19.594099,1516600,29.530621,32.030724,26.775871,13.063000
2014-07-30,19.766989,19.907861,19.017803,19.171482,2560800,28.799341,31.691357,25.905306,13.155600
2014-07-31,18.947366,18.953769,17.564253,17.903627,2868000,28.052965,31.149822,25.094675,13.222800
2014-08-01,17.813981,18.800090,17.794772,18.454311,1890000,27.932339,31.388086,24.661150,13.175800
2014-08-04,18.511942,18.684831,18.396682,18.537556,2017200,28.075590,31.489182,24.907869,13.190360
2014-08-05,18.607992,18.652815,18.307037,18.390280,1472300,27.698627,31.351980,25.725567,13.297120
2014-08-06,18.332648,18.704040,18.191776,18.588781,1266400,27.992659,31.619150,26.202099,13.246790
2014-08-07,18.633604,18.678427,17.993274,18.018887,1449600,27.434755,31.359203,26.255274,13.281200
2014-08-08,17.974065,18.191777,17.711530,18.095728,1322200,27.796640,31.676912,26.538927,13.244810
2014-08-11,18.275019,18.716846,18.230195,18.640007,1264800,28.128357,31.900757,26.992767,13.174790
2014-08-12,18.755266,19.056221,18.614393,18.947365,1448800,28.173595,31.879093,27.531702,13.137050
2014-08-13,19.017801,19.638921,18.889735,19.434015,1219100,28.392229,31.972961,27.896906,13.129170
2014-08-14,19.434017,19.555680,19.382790,19.523663,1215400,28.339457,32.102928,27.560059,13.070700
2014-08-15,19.677341,19.792601,19.177884,19.446823,1004000,28.188673,32.146255,27.265779,13.068450
2014-08-18,19.517259,19.517259,19.216305,19.344370,1042500,28.135914,32.333992,27.669981,13.045630
2014-08-19,19.357178,19.574890,19.209902,19.402000,1050000,28.316833,32.420631,27.638067,13.047930
2014-08-20,19.408404,19.510856,19.273935,19.363581,668800,28.211279,32.398991,27.382776,13.130400
2014-08-21,19.369982,19.369982,18.998591,19.037010,901000,28.233902,32.456741,27.372139,13.110310
2014-08-22,19.017801,19.152270,18.793685,18.953768,1042300,27.909733,32.377323,26.914757,13.135040
2014-08-25,19.081834,19.453225,19.043414,19.312353,843800,28.241444,32.557823,27.460787,13.148740
2014-08-26,19.248320,19.459629,18.819299,19.069029,1363200,28.060511,32.536175,27.882715,13.089430
2014-08-27,19.145868,19.235515,18.985786,19.081835,1263200,28.487326,32.550625,27.783436,13.083010
2014-08-28,18.979383,19.152272,18.857721,19.126659,2478400,28.736612,32.565056,27.804707,13.081870
2014-08-29,19.203498,19.267532,18.985786,19.126659,820400,28.751726,32.586716,28.049351,13.079410
2014-09-01,19.203498,19.267532,18.985786,19.126659,0,28.751726,32.586716,28.049351,13.079410
2014-09-02,19.133061,19.651729,19.126659,19.587696,964100,28.985912,32.601158,28.840027,13.102900
2014-09-03,19.632520,19.786199,19.414807,19.427614,1270300,28.547760,32.622810,28.910948,13.103900
2014-09-04,19.453227,19.619713,18.851318,18.940964,1063400,28.245590,32.723900,28.506742,13.151700
2014-09-05,18.940962,19.152271,18.819299,19.075432,633700,28.623302,32.911644,28.630840,13.029550
2014-09-08,19.043414,19.517258,19.037011,19.466032,873800,28.948139,32.666142,28.733667,13.139400
2014-09-09,19.510856,19.760585,19.363580,19.587696,1087400,28.880152,32.586716,28.620199,13.205680
2014-09-10,19.555678,19.734970,19.312352,19.651728,607700,29.325861,32.745571,28.776207,13.183200
2014-09-11,19.536470,19.779794,19.318757,19.741375,611000,29.318295,32.760014,28.886129,13.226980
2014-09-12,19.690149,19.991104,19.562082,19.779795,1274000,28.902811,32.528954,30.134180,13.253750
2014-09-15,19.818215,20.099959,19.670938,20.074347,705200,28.933031,32.687801,30.701473,13.244880
2014-09-16,20.048734,20.496964,20.048734,20.388109,934200,29.522266,32.933315,31.070223,13.161060
2014-09-17,20.400914,20.432930,20.061539,20.099958,1016200,29.031235,32.861103,31.573709,13.261500
2014-09-18,20.170396,20.727482,20.067943,20.663450,954400,29.295628,32.926083,32.389191,13.238100
2014-09-19,20.765905,20.810728,20.304867,20.548193,2505300,29.091663,33.011101,32.282822,13.205300
2014-09-22,20.490562,20.548192,19.895055,20.087154,1166500,28.608198,32.952972,31.999170,13.275900
2014-09-23,20.087152,20.125572,19.632517,19.651728,821100,28.124714,32.662312,31.857340,13.295890
2014-09-24,19.683745,19.978298,19.536470,19.888651,1141200,28.887697,33.083759,31.669428,13.280100
2014-09-25,19.786198,19.811812,19.145868,19.299547,1322500,28.540205,32.647797,30.758209,13.382060
2014-09-26,19.318756,19.587695,19.235514,19.357176,767300,28.509989,32.771313,30.304373,13.437700
2014-09-29,19.267531,19.978298,19.184288,19.696552,1411300,29.348522,32.764034,30.627016,13.491120
2014-09-30,19.664535,19.843827,19.395597,19.568485,2158900,29.741339,32.778568,31.672977,13.424120
2014-10-01,19.587696,19.587696,19.216305,19.369984,1368800,30.209719,32.575138,31.130497,13.451570
2014-10-02,19.376388,19.920669,19.325162,19.619713,1406000,30.844276,32.633251,31.446053,13.369560
2014-10-03,19.683747,21.162909,19.542874,20.925987,2485000,31.501507,33.018360,32.729561,13.485000
2014-10-06,21.175712,21.226940,20.234428,20.394510,1219300,31.365515,33.032909,33.846436,13.397420
2014-10-07,20.253638,20.586611,19.914264,19.920668,946000,31.010462,32.836712,33.598244,13.470990
2014-10-08,20.010312,20.336880,19.760584,20.285654,1030400,31.365515,33.316296,34.023724,13.341800
2014-10-09,20.311269,20.727483,20.215219,20.215219,1159000,30.942482,32.982044,33.520248,13.443280
2014-10-10,20.215217,20.599414,20.144780,20.202410,863200,30.534546,33.141907,33.307499,13.472570
2014-10-13,20.292058,20.477753,19.741374,19.837423,1046000,29.718681,32.684113,30.623478,13.446490
2014-10-14,20.298461,20.356091,19.606905,19.882246,1811200,29.854652,32.669575,30.300829,13.459300
2014-10-15,19.658133,20.509771,19.606907,20.253639,2023100,29.348522,32.277187,29.754801,13.532080
2014-10-16,19.965492,20.208817,16.315610,16.590952,5441000,28.041615,32.037403,28.265636,13.549270
2014-10-17,17.532237,18.876930,17.000763,17.878016,6264500,28.374008,32.429798,28.276274,13.510000
2014-10-20,18.563169,18.985787,18.018888,18.748865,2666600,28.970808,32.894836,28.847116,13.552600
2014-10-21,18.844913,19.177885,18.460715,18.518345,2376900,29.469398,33.032909,29.694530,13.546520
2014-10-22,18.640007,18.704039,17.007165,17.103214,4815600,29.121891,33.105572,28.925121,13.550800
2014-10-23,17.384960,17.570657,16.738227,16.968746,4327500,28.948139,33.083759,30.056183,13.551400
2014-10-24,16.968746,17.346541,16.936730,17.084005,1740000,29.265430,33.359894,30.155451,13.554770
2014-10-27,17.019973,17.237685,16.898310,17.116022,1810800,29.310747,33.439823,29.710602,13.547960
2014-10-28,17.224879,17.461802,17.109619,17.436188,2048200,29.733791,33.570614,30.355265,13.431050
2014-10-29,17.436187,17.781966,16.975150,17.749949,2050000,29.431614,33.512478,30.479916,13.498400
2014-10-30,18.556763,18.812895,17.192860,17.468203,4783100,29.930197,33.723202,30.967844,13.430170
2014-10-31,18.089324,18.249406,17.769159,18.191776,3778000,30.481663,33.941193,31.267014,13.476630
2014-11-03,18.268616,18.774476,18.191775,18.505537,2302900,30.844276,34.071991,30.857439,13.604200
2014-11-04,18.665620,19.677342,18.569571,19.632519,3080700,30.995361,34.253643,30.736347,13.550090
2014-11-05,19.786197,20.528981,19.741375,20.336882,3310000,31.320192,34.493443,29.853079,13.573950
2014-11-06,20.336881,21.047647,20.119169,20.605820,2477800,31.373072,34.566097,30.714973,13.638120
2014-11-07,20.490560,20.605820,19.491646,19.971893,4584400,31.055784,34.689640,30.650873,13.535590
2014-11-10,19.959087,20.240832,19.824617,19.856634,1643300,30.776272,34.842228,30.230598,13.599430
2014-11-11,19.856633,19.978296,19.600502,19.882246,2345900,30.708292,34.776821,30.408682,13.599390
2014-11-12,19.741376,19.869442,19.440421,19.664536,1568200,30.119068,34.776821,29.731989,13.552890
2014-11-13,19.664535,19.997507,19.549276,19.850231,1311100,31.108675,34.900360,29.190620,13.606800
2014-11-14,19.799004,19.805408,19.145867,19.459629,1560100,30.715837,34.704163,29.689243,13.531420
2014-11-17,19.491646,20.112766,19.414806,19.811811,2478000,32.506218,34.936687,30.038279,13.582920
2014-11-18,19.779794,20.234429,19.779794,20.138380,2098200,32.219158,35.067478,30.330334,13.564880
2014-11-19,20.208814,20.586610,20.074346,20.432930,2049800,32.619545,35.212807,30.422924,13.630900
2014-11-20,19.850232,20.650645,19.850232,20.298464,2498700,32.151169,35.060211,30.194990,13.655860
2014-11-21,20.458545,20.612223,19.927071,20.138380,2481700,31.924540,35.205544,30.244848,13.610840
2014-11-24,20.420125,20.522578,20.003911,20.087154,2076100,31.161556,35.183754,29.489801,13.658400
2014-11-25,20.042328,20.420123,19.645324,20.196009,2813400,31.282417,35.212807,29.076653,13.673300
2014-11-26,20.311270,20.548192,20.163994,20.490562,1614100,31.857941,35.372681,29.803211,13.725090
2014-11-27,20.311270,20.548192,20.163994,20.490562,0,31.857941,35.372681,29.803211,13.725090
2014-11-28,20.554595,20.861955,20.407320,20.682661,836700,32.062405,35.823177,29.831713,13.922280
2014-12-01,20.528981,20.868355,20.234428,20.631433,1748900,31.282429,35.590664,29.853079,13.977000
2014-12-02,20.689064,21.816044,20.490561,21.675171,3262700,31.199114,35.714188,30.344572,14.101770
2014-12-03,21.771222,23.705019,21.752012,23.365644,3932300,31.426311,35.459862,30.558271,14.100500
2014-12-04,23.384852,24.742351,23.340030,24.070005,3360000,30.820513,35.430790,29.803211,14.148390
2014-12-05,23.986761,24.473413,23.692210,23.749840,2576400,31.539898,35.496201,30.722103,14.348690
2014-12-08,23.596160,24.467009,23.416869,24.018778,2041700,31.282429,35.423534,30.408682,14.380160
2014-12-09,23.692212,24.012377,23.327224,23.416870,3233300,31.199114,35.307259,30.437170,14.429290
2014-12-10,23.231173,23.653790,22.930219,23.019865,1315700,30.752342,34.973019,29.817467,14.556000
2014-12-11,23.122319,23.500114,22.706104,22.917414,1368800,31.600471,35.263672,30.159367,14.775180
2014-12-12,22.642071,22.866185,21.431847,21.508686,2033800,30.896223,34.813148,28.656393,14.757830
2014-12-15,21.572716,21.873672,20.452140,20.746693,1761500,31.214273,34.580639,27.388468,14.715290
2014-12-16,20.727483,21.380620,20.413722,20.650644,1220700,29.979929,34.449841,27.003820,14.749260
2014-12-17,20.669852,21.169311,20.106362,21.130890,1731100,29.881496,34.951221,30.529774,14.584730
2014-12-18,21.483073,21.489477,20.170397,21.226942,2396000,30.078382,35.619720,31.306190,14.549160
2014-12-19,21.162909,21.662368,20.970811,21.438251,2870800,30.457024,35.583145,31.078260,14.579510
2014-12-22,21.457458,22.155418,21.412635,21.790430,702100,31.040094,35.927113,31.270584,14.670890
2014-12-23,21.988934,22.104193,21.457459,21.463863,1325100,31.221844,36.175941,31.470026,14.749710
2014-12-24,21.156506,21.854465,20.868357,21.777624,1193800,30.540308,36.139351,30.237726,14.699380
2014-12-25,21.156506,21.854465,20.868357,21.777624,0,30.540308,36.139351,30.237726,14.699380
2014-12-26,21.835253,21.982531,21.707189,21.816044,618700,30.426718,36.197899,28.592281,14.697800
2014-12-29,21.835254,21.937707,21.527896,21.591930,535700,30.464582,36.088120,28.670637,14.782190
2014-12-30,21.604736,21.668768,21.335796,21.470264,750200,30.616041,35.927113,29.012547,14.740090
2014-12-31,21.463862,21.636752,20.990017,20.996422,1039000,30.358568,35.487991,27.801609,14.732160
2015-01-01,21.463862,21.636752,20.990017,20.996422,0,30.358568,35.487991,27.801609,14.732160
2015-01-02,21.143699,21.393428,19.965492,20.272850,1502300,30.252541,35.385532,27.530933,14.820430
2015-01-05,20.170397,20.279253,19.267532,19.728569,3465100,29.555864,35.136703,26.918341,14.939420
2015-01-06,19.971893,20.637836,19.946279,20.016716,2885000,29.730040,35.092785,25.956717,14.894670
2015-01-07,20.170396,20.650644,20.080750,20.567400,1120200,30.093525,35.692913,26.547941,14.710200
2015-01-08,20.746695,21.348605,20.657047,21.207731,1840600,31.199114,36.234482,27.160534,14.661700
2015-01-09,21.290974,21.739205,21.130891,21.579123,1076800,30.555454,35.941727,26.847111,14.593880
2015-01-12,21.636754,21.719995,20.791518,21.233345,1025700,29.608877,35.831966,25.536449,14.648000
2015-01-13,21.066859,21.335796,20.176799,20.292059,1425800,29.419571,35.824650,24.888245,14.604000
2015-01-14,20.029525,20.266447,19.690150,20.189608,1719000,30.176821,35.714863,24.959478,14.485200
2015-01-15,22.405149,22.648473,21.028439,22.136209,6684200,30.358568,35.773411,26.092062,14.657000
2015-01-16,22.328307,22.712507,21.713591,21.860867,2230100,30.563019,36.058842,25.700283,14.547780
2015-01-19,22.328307,22.712507,21.713591,21.860867,0,30.563019,36.058842,25.700283,14.547780
2015-01-20,22.411552,22.943028,21.867273,22.866186,2235700,30.525160,36.205215,25.856993,14.650370
2015-01-21,23.032674,23.039076,22.302698,22.417955,2059800,30.828058,36.380863,25.835625,14.758000
2015-01-22,22.449971,22.955830,22.200240,22.763731,1409400,31.123392,36.746796,26.526573,14.602630
2015-01-23,22.738118,23.045478,22.411550,22.699699,1095000,31.252136,36.336960,26.462465,14.648790
2015-01-26,23.007059,23.801067,22.808556,23.660196,2510200,31.282429,36.336960,26.557133,14.574100
2015-01-27,23.621775,23.775456,23.058284,23.705019,2473900,31.093107,35.919796,26.428040,14.617690
2015-01-28,23.879487,23.955344,21.247282,21.277624,5647700,30.426718,35.502621,25.725208,14.728000
2015-01-29,21.520363,22.165139,21.012128,22.066526,5885300,30.449438,35.788040,26.105305,14.784950
2015-01-30,22.081699,22.491321,20.481135,20.594919,4436900,29.563454,35.144016,25.137115,14.961770
2015-02-02,20.534234,20.617676,19.183997,20.329422,3918000,29.964788,35.561172,25.165804,14.858880
2015-02-03,20.458379,20.458379,19.532935,19.927387,3283600,29.434702,35.875889,25.674999,14.675890
2015-02-04,19.730161,20.299081,19.661890,19.843945,2784600,29.722467,35.890511,26.198534,14.881530
2015-02-05,19.912215,20.344594,19.403980,19.798431,2523700,30.305565,36.073483,25.861471,14.791690
2015-02-06,19.859116,20.048756,19.699817,19.859116,1786100,30.108664,35.912472,25.847126,14.832920
2015-02-09,19.783259,19.859115,19.343293,19.449492,2055600,30.116249,35.641685,25.524393,14.809700
2015-02-10,19.601205,20.268737,19.457078,20.094269,2790700,30.828058,36.058842,25.804089,14.945950
2015-02-11,20.208053,20.344594,19.275024,19.623962,2997600,30.464582,36.227169,25.581768,15.069000
2015-02-12,19.623963,19.836359,17.780660,19.707403,7188100,30.888632,36.395512,25.926010,14.923000
2015-02-13,19.677063,20.397694,19.434323,20.291496,2626800,30.820513,36.227169,25.624796,14.877480
2015-02-16,19.677063,20.397694,19.434323,20.291496,0,30.820513,36.227169,25.624796,14.877480
2015-02-17,20.655605,21.080400,20.412866,20.807318,2680000,30.767502,36.234482,26.313295,14.909000
2015-02-18,20.807317,21.838960,20.708703,21.474850,2726400,31.138542,36.432091,25.954699,14.861000
2015-02-19,21.414166,21.550707,20.799732,20.807318,3041800,31.305140,36.197899,26.291775,15.000080
2015-02-20,20.807315,21.133496,20.435620,20.974197,1583800,31.555035,36.300350,26.463896,15.017660
2015-02-23,21.012129,21.239696,20.814903,20.921101,1272000,31.403582,36.402817,26.786625,15.092740
2015-02-24,21.057641,21.057641,20.549405,20.898342,1319900,31.426311,36.527229,27.001791,14.922000
2015-02-25,20.837658,21.034883,20.382522,20.519062,1335900,31.350386,36.402817,26.915722,14.931900
2015-02-26,20.640431,21.072812,20.541819,20.868000,1461900,31.023994,36.454044,26.865519,14.983320
2015-02-27,20.670777,20.974201,20.496308,20.807318,1509600,31.357988,36.600418,26.987440,14.940250
2015-03-02,20.769389,21.558293,20.708704,21.505194,3190600,32.010796,36.666290,27.281483,15.022000
2015-03-03,21.785858,21.785858,21.087982,21.702417,2328600,32.177807,36.527229,27.102180,14.983600
2015-03-04,21.717588,21.785859,21.171425,21.262453,1730900,31.426306,36.271088,26.714911,15.046400
2015-03-05,21.262454,21.421751,20.458379,20.632849,1572200,30.788668,36.395512,26.743599,15.186100
2015-03-06,20.519062,20.845244,19.988071,20.048756,1833300,30.864565,35.685596,26.012072,15.493140
2015-03-09,20.192883,20.253568,19.904629,19.942558,1478200,30.697577,35.883205,26.506929,15.491380
2015-03-10,19.730161,20.177712,19.320538,20.124613,2023400,30.196577,35.370895,26.542782,15.614370
2015-03-11,20.079098,20.124612,18.319237,19.244682,6254800,28.503811,35.100109,25.718033,15.476700
2015-03-12,19.244682,19.639133,19.077798,19.100555,2153700,28.511389,35.612411,26.341980,15.386180
2015-03-13,19.001940,19.252265,18.721274,18.994356,1448400,28.405125,35.334297,26.636015,15.480850
2015-03-16,19.009527,19.343294,18.653004,19.009527,1681000,28.913715,35.766094,26.714911,15.406960
2015-03-17,18.850231,20.056342,18.812302,19.881872,2223900,29.384348,35.509941,26.700560,15.382950
2015-03-18,19.851531,20.496308,19.646719,20.291496,3101400,30.059944,35.751465,27.439260,15.113600
2015-03-19,20.291494,20.534233,20.086683,20.435621,1646300,30.234545,35.590443,27.095011,15.261520
2015-03-20,20.594917,20.632846,20.208051,20.359764,1435800,30.530592,36.036667,27.855225,15.052600
2015-03-23,20.306667,20.852830,19.730161,19.836359,2748700,30.211756,36.095585,27.597036,14.923300
2015-03-24,19.669474,19.813601,18.053739,18.167524,4966500,29.376764,35.889412,26.729256,14.944700
2015-03-25,18.478534,18.660589,17.841344,18.053740,3448500,29.073118,35.801048,26.815315,14.994000
2015-03-26,18.038570,18.053740,17.355864,17.864100,3111300,28.966846,35.646416,27.833704,15.146300
2015-03-27,17.955128,18.159940,17.788245,17.985470,1379300,28.966846,35.867317,28.027353,15.231270
2015-03-30,18.038572,18.152356,17.545507,17.712391,1845100,29.224951,36.228134,27.525322,15.260900
2015-03-31,17.598606,17.704804,16.984171,17.135883,4903900,29.073118,35.889412,28.013006,15.261500
2015-04-01,17.204152,18.061325,17.166223,18.023397,3791600,29.149029,35.933586,28.048864,15.134900
2015-04-02,18.053741,18.850231,17.879272,18.539221,3216400,29.323631,36.176586,27.783510,15.010100
2015-04-03,18.053741,18.850231,17.879272,18.539221,0,29.323631,36.176586,27.783510,15.010100
2015-04-06,18.372336,18.539221,18.000642,18.213039,3961000,29.536167,36.463753,28.048864,14.895300
2015-04-07,17.993056,18.470950,17.826173,18.129597,1983400,29.650034,36.294399,27.977148,14.917280
2015-04-08,18.220625,18.395094,18.091670,18.304066,1513500,29.338806,36.353313,27.962805,14.910570
2015-04-09,18.243379,18.379920,17.735144,17.833757,1808400,29.353985,36.456379,27.955626,15.075550
2015-04-10,17.886860,17.947544,17.606192,17.666878,2792100,29.892942,36.522659,28.142097,15.222040
2015-04-13,17.644118,18.349580,17.575848,18.084084,1904800,29.771492,36.353313,28.106228,15.384800
2015-04-14,18.091669,18.615076,17.932371,18.607491,1360700,30.287663,36.434307,28.142097,15.261440
2015-04-15,18.683345,19.009526,18.592319,18.744030,1341200,30.052345,36.331215,28.945328,15.269500
2015-04-16,18.827472,19.108140,18.660589,19.039869,1244600,29.854982,36.463753,29.196346,15.169000
2015-04-17,18.941257,18.979186,18.478536,18.630247,763200,29.627254,36.125042,28.687153,15.326740
2015-04-20,18.660590,18.835059,18.478536,18.539221,973500,29.217350,36.250221,28.737352,15.459100
2015-04-21,18.622663,18.660592,18.114428,18.357168,1957800,28.928907,36.316475,29.117456,15.433210
2015-04-22,18.364749,18.531633,17.902028,18.486120,1385700,28.982035,36.338570,29.174831,15.448240
2015-04-23,18.387506,18.478534,17.712388,17.826172,2214000,29.065538,36.213387,29.225037,15.337250
2015-04-24,17.818588,18.099256,17.598606,17.917202,1517600,29.338806,36.220764,29.404325,15.362790
2015-04-27,18.061328,18.592321,17.962716,18.508879,1818100,29.528572,36.021946,29.621338,15.359580
2015-04-28,18.508877,18.645418,18.068912,18.410265,1994600,29.839813,36.058765,32.608791,15.261000
2015-04-29,18.440607,18.546806,18.243381,18.266138,2115600,29.763908,35.734776,32.297756,15.232150
2015-04-30,19.108141,19.760502,18.395094,18.736446,5158900,29.984034,35.616959,32.341148,15.342660
2015-05-01,18.440607,19.343294,18.440607,19.297781,1957600,30.735531,35.940952,32.912601,15.548850
2015-05-04,19.267438,19.426737,19.168826,19.335709,1600700,31.190990,35.992493,31.950537,15.459850
2015-05-05,19.335709,19.419151,18.971600,19.092970,1510900,30.872166,35.705326,31.176540,15.352510
2015-05-06,19.229510,19.229510,18.440606,18.554390,1201000,30.629259,35.815773,31.458658,15.353650
2015-05-07,18.508877,18.584733,18.296481,18.455778,1343500,30.659639,35.904133,31.465895,15.296950
2015-05-08,18.653006,18.872987,18.546808,18.797132,662800,31.320030,36.206043,31.104206,15.116420
2015-05-11,18.599906,19.608791,18.599906,19.517763,1622800,31.403519,36.058765,35.769840,15.333100
2015-05-12,19.532934,19.601204,19.297781,19.540520,1136300,31.061943,35.977779,36.992310,15.320930
2015-05-13,19.449492,19.889457,19.396393,19.532934,1778000,31.213757,35.963032,38.656025,15.265450
2015-05-14,19.616377,19.684648,19.358466,19.510178,876500,31.669199,36.515301,39.748287,15.091530
2015-05-15,19.495007,19.555691,19.214339,19.495007,1101900,31.965254,36.633106,39.748287,15.000560
2015-05-18,19.510177,19.866701,19.115727,19.714989,1309300,32.025978,36.515301,43.299953,15.093000
2015-05-19,19.593618,20.208052,19.297780,19.366051,1602400,32.610481,36.419575,42.171520,15.196500
2015-05-20,19.426737,19.654304,19.138483,19.290195,1360200,32.959660,36.338570,40.862259,15.192500
2015-05-21,19.510177,20.101855,19.335708,19.904629,1302900,33.012810,36.419575,40.818851,15.221500
2015-05-22,19.904628,20.109440,19.646718,20.101854,1296900,32.602898,36.264938,41.556664,15.246820
2015-05-25,19.904628,20.109440,19.646718,20.101854,0,32.602898,36.264938,41.556664,15.246820
2015-05-26,20.071513,20.746633,20.010828,20.481136,2600500,32.747112,35.977779,38.764530,15.281960
2015-05-27,20.481135,20.579747,19.654304,19.897043,1539500,32.435890,36.206043,40.963524,15.292960
2015-05-28,19.722575,19.722575,19.366052,19.434322,1198700,32.222855,36.154476,40.674183,15.311320
2015-05-29,19.472249,19.866701,19.290195,19.403978,1206500,32.298943,35.926228,41.006916,15.373660
2015-06-01,19.532935,19.722575,18.493706,18.903330,2079500,32.123936,35.926228,41.440937,15.475770
2015-06-02,18.880571,18.933670,18.387507,18.486120,1457400,32.161987,35.830502,41.021381,15.432250
2015-06-03,18.561977,18.956429,18.501292,18.766788,1456900,31.773945,35.808403,40.319736,15.522750
2015-06-04,18.683345,18.895743,18.395093,18.516462,1038300,31.469597,35.550682,40.920120,15.536950
2015-06-05,18.531634,18.531634,18.061326,18.478535,1077000,31.150017,35.042610,40.710346,15.704240
2015-06-08,18.433021,18.493706,18.258553,18.395094,1087800,30.990234,35.027878,40.363132,15.631510
2015-06-09,18.448193,18.463365,18.167526,18.250967,1031300,31.317411,35.197243,39.661491,15.573350
2015-06-10,18.319239,18.706105,18.273726,18.402681,1234100,31.500031,35.543327,40.449932,15.473890
2015-06-11,18.425437,18.539221,18.326823,18.440607,1041200,31.439148,35.528587,39.422768,15.363500
2015-06-12,18.357165,18.706102,18.197866,18.675760,881200,31.644585,35.388695,40.167835,15.395510
2015-06-15,18.615078,18.615078,18.250968,18.319239,1149700,31.690241,35.130974,40.073799,15.437290
2015-06-16,18.273724,18.728861,18.159941,18.577148,875700,31.888058,35.513866,40.406544,15.388000
2015-06-17,18.577148,18.751617,18.440607,18.592319,722400,32.116333,35.705326,39.856785,15.255940
2015-06-18,18.584733,18.759202,18.395093,18.455778,1235200,32.192410,36.102947,39.285347,15.331380
2015-06-19,18.660590,19.457078,18.584733,19.396393,2521600,32.732635,36.052574,39.220245,15.341300
2015-06-22,19.388808,19.555692,18.964014,19.479836,1209900,32.892414,36.193336,39.184059,15.345180
2015-06-23,19.472249,19.593619,19.153654,19.532934,1117000,33.523930,36.037743,38.945362,15.395150
2015-06-24,19.532933,19.623961,19.039869,19.130896,842100,34.246758,35.874752,38.959835,15.506750
2015-06-25,19.206755,19.510179,18.804719,18.872988,1427100,33.972843,35.808067,38.909191,15.490300
2015-06-26,18.797132,18.872987,17.932372,18.144770,2249900,33.173931,35.882145,39.639786,15.550000
2015-06-29,18.046156,18.273724,17.697218,17.742731,1702600,32.679371,35.326473,36.912739,15.683420
2015-06-30,17.788245,17.917201,17.348280,17.424135,2356500,32.435894,35.267200,37.759064,15.711390
2015-07-01,17.560677,17.826173,17.469650,17.742731,2255000,32.686981,35.719151,38.569218,15.774860
2015-07-02,17.651705,17.848931,17.553092,17.636534,1298300,32.664146,35.689510,38.200302,15.669950
2015-07-03,17.651705,17.848931,17.553092,17.636534,0,32.664146,35.689510,38.200302,15.669950
2015-07-06,17.469649,17.560676,16.870386,17.257252,4707000,32.390236,35.659882,37.737362,15.720500
2015-07-07,17.333109,17.644118,16.885558,17.613775,1590100,32.793499,36.393375,38.193089,15.805370
2015-07-08,17.462065,17.591021,16.961415,17.029686,1871700,32.428284,35.985878,37.665024,15.840120
2015-07-09,17.196568,17.317937,16.923485,17.052441,1358700,32.466324,36.015518,37.831398,15.803210
2015-07-10,17.211740,17.371037,16.938657,17.135883,1185400,32.702198,36.437836,39.220245,15.700480
2015-07-13,17.280010,17.378622,16.953829,17.371037,903000,33.265240,36.778648,38.995995,15.732300
2015-07-14,17.378622,17.750316,17.249666,17.575848,1635400,33.501110,36.837921,38.930889,15.661000
2015-07-15,17.560676,17.560676,16.893143,16.915899,1619400,33.052193,36.741619,38.200302,15.796000
2015-07-16,16.946243,17.006928,16.582134,16.627647,1882400,33.059814,37.119473,38.815166,15.825750
2015-07-17,16.688332,16.703504,16.187683,16.475935,1451100,32.671753,37.097252,38.981529,15.920830
2015-07-20,16.460765,16.498692,15.944943,15.967699,1295800,32.572849,37.163918,39.133434,16.002399
2015-07-21,15.975286,16.195269,15.755304,15.815989,2128200,32.367420,37.075027,38.706661,16.011200
2015-07-22,15.709789,15.838744,15.467049,15.573249,2789300,32.816330,37.156521,38.887486,16.107000
2015-07-23,15.550491,15.603590,15.140867,15.163625,2026800,32.816330,37.015751,38.171371,16.205980
2015-07-24,15.163625,15.163625,14.814687,14.837443,1265000,32.633701,36.808289,37.259941,16.264000
2015-07-27,14.746417,14.951227,14.625047,14.723660,1621200,32.466324,36.786053,39.480648,16.292999
2015-07-28,14.731246,15.072599,14.609876,15.034670,1632000,33.006554,37.200970,39.299809,16.279020
2015-07-29,14.958814,15.277410,14.905715,15.254654,2014100,33.341331,37.326927,39.704899,16.282681
2015-07-30,16.187682,16.991756,16.096654,16.627647,4351400,33.767414,37.200970,39.688152,16.259911
2015-07-31,16.642820,16.870387,16.096655,16.415251,2241300,33.744587,37.275059,39.404404,16.104940
2015-08-03,16.309052,16.726260,16.005629,16.711090,1939300,30.404371,37.326927,40.095585,16.176559
2015-08-04,16.809702,17.196568,16.574549,16.991756,2288400,31.636986,37.326927,40.546669,16.291321
2015-08-05,17.196566,17.325521,16.802114,16.999340,2185400,31.500031,37.652924,41.390633,16.359909
2015-08-06,17.052440,17.181396,16.756602,17.105539,1193000,32.009808,37.371387,39.404404,16.319889
2015-08-07,17.029686,17.280011,16.969001,17.113127,896700,31.842411,37.163918,39.680878,16.150999
2015-08-10,17.242081,17.287596,16.900729,17.151054,1328700,32.603283,37.304703,40.081036,16.170650
2015-08-11,16.976584,17.120711,16.711089,16.733845,1371300,31.918503,37.171329,40.342949,16.307249
2015-08-12,16.597303,17.287595,16.225609,17.219324,2190300,32.169586,37.193562,39.237061,16.250660
2015-08-13,17.226910,17.439308,17.219326,17.272425,1378200,32.184803,37.045380,38.211220,16.398960
2015-08-14,17.226911,17.355866,17.143470,17.340696,1418300,32.336975,37.163918,37.956566,16.364241
2015-08-17,17.333109,17.537920,17.113126,17.424135,821700,32.603283,37.200970,37.920189,16.431141
2015-08-18,17.295182,17.666878,17.295182,17.340696,1265500,32.618496,37.015751,37.614613,16.417000
2015-08-19,17.249668,17.302767,16.688333,16.794531,1367400,32.854374,36.674923,36.523277,16.598000
2015-08-20,16.612476,16.847630,16.491107,16.657990,1156900,33.059814,36.341522,36.370502,16.788250
2015-08-21,16.498693,16.976585,16.468349,16.612476,2318200,31.705454,35.348694,36.137680,16.979879
2015-08-24,15.497392,15.929772,15.467049,15.762889,2056800,30.564156,34.118801,34.558880,17.164330
2015-08-25,16.164924,16.164924,15.118111,15.345678,2757200,30.244595,33.859482,34.748058,17.274580
2015-08-26,15.633934,15.633934,15.004329,15.451880,2252300,31.051117,34.859699,35.053627,17.029190
2015-08-27,15.656690,15.990457,15.391195,15.755303,1468900,32.215233,35.370934,36.683353,16.872419
2015-08-28,15.853915,16.104240,15.618762,15.785645,1306700,32.505054,35.296844,36.559658,16.747320
2015-08-31,15.656689,16.028383,15.656689,15.914599,1224300,32.245743,35.052338,38.647751,16.744780
2015-09-01,15.573249,15.687033,14.837444,15.095355,4167800,31.574594,34.333652,37.629166,16.954000
2015-09-02,15.429120,15.853914,15.262238,15.489805,2498500,32.032207,34.800434,37.920189,16.858629
2015-09-03,15.603591,16.149756,15.565664,15.815989,1300600,32.558441,35.037533,38.444031,16.802240
2015-09-04,15.664275,15.846329,15.444293,15.580834,1021500,32.131348,34.467022,38.516781,16.932140
2015-09-07,15.664275,15.846329,15.444293,15.580834,0,32.131348,34.467022,38.516781,16.932140
2015-09-08,15.687033,15.838744,15.398779,15.649104,1547900,32.619461,35.185711,40.481186,16.822020
2015-09-09,15.823573,15.998041,15.626347,15.664274,1171400,32.413532,34.607800,39.957340,16.954540
2015-09-10,15.664276,15.960115,15.603591,15.815989,1026500,32.680470,34.667072,40.764938,16.750851
2015-09-11,15.740132,16.013214,15.649104,15.982871,865000,33.077061,34.896744,41.077785,16.828310
2015-09-14,15.998043,16.013214,15.815989,15.975286,975500,33.023674,34.785614,40.924999,16.719999
2015-09-15,15.982871,16.210440,15.922186,16.149755,712200,33.351616,35.200516,41.368797,16.694151
2015-09-16,16.240781,16.430421,16.081484,16.354565,717800,33.267727,35.600609,41.608902,16.533091
2015-09-17,16.240782,16.589721,16.081485,16.331810,1033600,33.313488,35.600609,41.827168,16.589649
2015-09-18,16.051141,16.316638,15.922186,15.922186,1576800,32.710968,35.188995,40.539394,16.645229
2015-09-21,16.005628,16.134583,15.755303,16.020800,1037300,32.535553,35.449978,40.699448,16.650419
2015-09-22,15.876673,15.884259,15.421536,15.451880,1560900,31.955940,35.062225,41.012299,16.899000
2015-09-23,15.482220,15.724960,15.307752,15.603590,1024000,32.146595,35.121891,42.125465,17.112680
2015-09-24,15.527734,15.937357,15.345679,15.891844,1054000,32.779633,35.181526,41.572529,16.866850
2015-09-25,16.043555,16.301466,15.823574,15.952529,867000,33.054188,35.405239,41.936310,16.962219
2015-09-28,15.846329,16.066312,15.133283,15.239481,1154600,31.902554,34.883263,36.836132,17.082340
2015-09-29,15.368439,15.489808,15.065015,15.406366,1437400,31.894903,34.868355,37.789230,17.010139
2015-09-30,15.550491,15.853915,15.542906,15.762889,1253900,32.871140,35.188995,39.731800,16.913639
2015-10-01,15.793230,15.960114,15.353265,15.747717,1600300,33.305870,35.188995,41.085064,16.905821
2015-10-02,15.398778,15.664274,14.791930,15.057426,2910200,33.854988,35.673691,43.274998,16.745279
2015-10-05,15.118112,15.345680,15.019499,15.209139,3348200,34.251575,36.285137,43.405949,16.766859
2015-10-06,15.171211,15.376022,15.087769,15.156039,2018500,33.999901,36.039078,42.438316,16.645210
2015-10-07,15.345679,15.368436,14.776759,14.837443,2369900,34.030396,36.367180,42.009048,16.638000
2015-10-08,14.822273,15.709788,14.625048,15.535319,2420700,35.075253,36.799690,39.651775,16.457649
2015-10-09,15.580836,15.952530,15.406366,15.869088,1637300,35.334576,36.881714,40.524845,16.408840
2015-10-12,15.815987,15.876672,15.489806,15.535319,867500,35.883690,36.978645,40.597591,16.463051
2015-10-13,15.391196,15.497394,14.571949,14.609878,1932900,34.663410,36.754932,40.866787,16.642120
2015-10-14,14.700902,14.738831,14.215424,14.230596,2043300,33.778721,36.329899,41.281490,16.432440
2015-10-15,14.215424,14.412650,13.654089,13.760287,3780700,33.504154,36.658005,41.310600,16.380211
2015-10-16,13.729946,14.465749,13.616162,14.412650,2753200,34.549011,37.008472,43.944347,16.401760
2015-10-19,14.442994,14.579534,14.063714,14.131983,980800,35.220169,37.172516,45.937855,16.475771
2015-10-20,14.291282,14.511264,14.109228,14.427823,1305000,35.151520,37.150150,44.308125,16.564220
2015-10-21,14.518848,14.662975,14.389893,14.526434,1361600,35.258305,37.157600,43.325924,16.650000
2015-10-22,14.518849,14.996743,14.420236,14.913301,1073200,35.982838,37.895836,44.897449,16.510130
2015-10-23,14.958814,15.057428,14.845030,14.951228,1214200,36.181137,37.836182,43.878872,16.572109
2015-10-26,14.943643,15.057427,14.609876,14.670561,808700,34.396484,37.761608,41.329437,16.519501
2015-10-27,14.587119,14.746417,14.450578,14.662975,1249300,34.167683,37.813797,39.021854,16.548550
2015-10-28,14.716074,15.004328,14.571948,14.700903,1487800,34.297333,37.597561,40.146057,16.637791
2015-10-29,13.729946,14.283695,13.191367,14.086469,3043500,33.443146,37.612473,39.458214,16.618311
2015-10-30,14.382307,15.133283,14.048542,14.405065,2301800,33.832108,37.194881,39.539574,16.479151
2015-11-02,14.351966,14.617463,13.972686,14.571948,1767500,34.152420,37.418594,40.478886,16.439480
2015-11-03,14.526434,14.913300,14.397479,14.852615,3028300,34.579514,37.239624,42.394478,16.394800
2015-11-04,15.072598,15.520148,15.034669,15.239481,2609800,34.434620,37.083038,41.114960,16.551649
2015-11-05,15.193970,15.785646,15.125699,15.724961,1660200,34.777813,37.075584,42.682919,16.596630
2015-11-06,15.376023,15.740132,14.609877,15.330508,1857600,34.701550,36.672913,42.742092,16.779890
2015-11-09,15.262238,15.467049,15.072598,15.163625,1230300,34.358349,36.426830,42.350098,16.759510
2015-11-10,15.080184,15.345681,14.958815,15.315339,1689300,34.503258,36.523773,41.699245,16.755051
2015-11-11,15.269824,15.315338,14.981571,15.095355,1175400,34.175297,36.471569,40.634205,16.723000
2015-11-12,14.943643,15.042256,14.245768,14.329208,2962000,33.260086,35.979427,40.856075,16.743999
2015-11-13,14.230595,14.283694,14.078883,14.162325,2960500,32.871140,35.666229,40.064701,16.672501
2015-11-16,14.359550,14.518847,14.215424,14.503677,1826800,33.702442,36.277691,39.865009,16.765450
2015-11-17,14.564364,15.140869,14.389894,14.465751,1755900,33.511795,36.262779,40.249607,16.716749
2015-11-18,14.579532,14.852615,14.473334,14.799516,1079700,34.396484,36.762390,41.543919,16.725071
2015-11-19,14.799516,14.799516,14.488506,14.617461,938400,33.908375,36.859337,41.122353,16.630301
2015-11-20,14.640218,14.640218,14.412650,14.526434,1564100,33.290607,36.598347,41.987686,16.517799
2015-11-23,14.670561,15.823574,14.534020,15.474635,1827200,36.676865,36.918983,42.268742,16.553579
2015-11-24,15.497393,15.724960,15.247068,15.573249,1709700,37.439541,37.015926,41.040993,16.523550
2015-11-25,15.512565,16.020800,15.444294,15.975286,1269300,38.019173,37.112862,41.329437,16.503040
2015-11-26,15.512565,16.020800,15.444294,15.975286,0,38.019173,37.112862,41.329437,16.503040
2015-11-27,15.891845,15.982871,15.800817,15.937358,545100,38.669388,37.254543,41.395992,16.618040
2015-11-30,15.929772,16.362152,15.838744,16.331810,1751500,38.248672,36.851871,40.316162,16.563200
2015-12-01,16.271125,16.384908,16.035970,16.104240,1960800,38.745903,37.165066,39.206757,16.516251
2015-12-02,15.990457,16.119412,15.732546,15.823574,3683700,38.692352,36.978645,37.143238,16.560760
2015-12-03,15.929772,16.779360,15.929772,16.764189,3444200,39.380817,36.784760,36.536755,16.702070
2015-12-04,16.650405,17.022100,16.620062,16.718676,2409700,39.809200,37.612473,36.218727,16.627291
2015-12-07,16.635234,16.900731,16.468350,16.650406,3409900,39.625603,37.716877,35.664017,16.884001
2015-12-08,16.589719,17.097955,16.362150,17.075197,3273200,40.245243,37.619934,37.690552,17.011000
2015-12-09,16.976586,17.348282,16.840046,17.204155,2746900,40.551224,37.262005,36.418419,17.084579
2015-12-10,16.847627,17.325521,16.847627,17.143467,2460400,40.857216,37.306736,35.464321,17.204050
2015-12-11,17.044855,17.082784,16.157339,16.301466,2224900,40.176399,36.896618,34.414070,17.385170
2015-12-14,16.248368,16.453179,15.922186,16.051142,1366400,40.321739,37.262005,33.844574,17.308001
2015-12-15,16.187682,16.422836,16.119412,16.255953,1342800,41.270309,37.500622,34.732121,17.105570
2015-12-16,16.225610,16.430422,15.747718,16.058727,2034300,41.193806,38.223949,35.619652,16.998949
2015-12-17,15.884259,16.271125,15.755304,16.051142,1590100,40.451778,37.731781,34.598984,17.038441
2015-12-18,15.914599,16.195267,15.876672,16.172510,2338400,40.199345,37.063236,35.146297,17.113239
2015-12-21,16.225610,16.650405,16.104240,16.627647,1369900,40.673626,37.483910,36.388832,17.143999
2015-12-22,16.551792,16.976586,16.384909,16.923487,1294900,40.994907,37.972168,36.056007,17.190571
2015-12-23,17.006928,17.211740,16.847630,17.090370,1534500,41.155563,38.250095,36.677280,17.219910
2015-12-24,17.105539,17.295180,17.037269,17.060026,438000,41.262650,38.212540,36.603321,17.223040
2015-12-25,17.105539,17.295180,17.037269,17.060026,0,41.262650,38.212540,36.603321,17.223040
2015-12-28,16.991756,17.128298,16.855215,17.090370,632400,40.949013,38.159943,35.471725,17.219049
2015-12-29,17.075199,17.280011,16.786946,17.067614,796200,41.232056,38.490482,35.131496,17.255550
2015-12-30,16.969001,17.234496,16.893145,16.931072,692900,41.140244,38.355270,35.153679,17.375549
2015-12-31,16.877973,17.022100,16.559377,16.756603,942400,40.796024,37.927094,34.273552,17.269760
2016-01-01,16.877973,17.022100,16.559377,16.756603,0,40.796024,37.927094,34.273552,17.269760
2016-01-04,16.544204,16.673160,16.119411,16.597303,1592400,40.512989,37.446327,35.286819,17.288179
2016-01-05,16.544206,17.105540,16.309052,16.900730,4596200,40.008095,37.686714,33.681870,17.325460
2016-01-06,16.695919,16.938658,16.035971,16.741432,6063000,39.977509,37.559017,33.859364,17.528900
2016-01-07,16.559375,16.968998,16.331807,16.817286,2874900,39.908638,37.108311,34.746902,17.826790
2016-01-08,16.961414,17.682046,16.786944,17.378622,2696300,40.008095,36.822861,34.096031,17.926229
2016-01-11,17.499993,17.924787,17.302768,17.666878,2345100,40.329380,37.168400,34.658146,17.891100
2016-01-12,17.864099,18.122010,17.742730,18.015812,2488200,40.987270,37.371216,34.917000,17.902149
2016-01-13,18.106842,18.304066,17.644119,17.879272,2142000,40.635376,36.687641,34.436264,17.945999
2016-01-14,18.008225,18.122009,17.363449,17.477234,2476200,40.474724,36.860420,34.739506,17.851000
2016-01-15,17.158641,17.355865,16.104241,16.574549,4211700,39.388477,36.281998,36.529362,18.248461
2016-01-18,17.158641,17.355865,16.104241,16.574549,0,39.388477,36.281998,36.529362,18.248461
2016-01-19,16.741430,16.976584,16.157339,16.362150,2105800,38.003868,36.717690,35.242439,18.253969
2016-01-20,16.225611,16.316639,15.482222,16.164927,2732500,38.218048,36.259480,35.205463,18.475000
2016-01-21,16.195267,16.498691,15.922185,15.998041,1958000,39.021271,36.402199,36.174355,18.709000
2016-01-22,16.263539,16.513864,16.187683,16.430422,1276900,39.181927,37.025673,35.967258,18.438681
2016-01-25,16.551790,16.604889,16.248367,16.271124,1738700,39.235485,36.695168,36.245953,18.614000
2016-01-26,16.271125,16.506278,16.111827,16.422836,1978400,40.161091,37.033180,37.538040,18.448500
2016-01-27,16.438008,16.794531,16.195269,16.377323,1507000,39.671520,36.995632,36.831905,18.452999
2016-01-28,16.415250,16.695918,16.233196,16.483521,1267500,40.229946,37.371216,37.320190,18.343510
2016-01-29,16.468349,16.840045,16.430421,16.824873,1888500,40.818970,38.129917,37.913651,18.105450
2016-02-01,16.786944,17.264838,16.764188,17.211739,1361300,41.545704,38.257618,36.584007,18.241680
2016-02-02,17.143467,17.173808,16.711087,16.779358,1572700,40.543571,37.769344,36.456303,18.483049
2016-02-03,16.832458,16.900729,16.544205,16.733845,1235300,40.482368,37.686714,36.839413,18.195070
2016-02-04,16.657989,16.984170,16.513863,16.915899,1412700,39.740368,37.341171,36.336105,18.266140
2016-02-05,17.097957,17.522750,16.733847,16.877974,1860000,43.679966,37.281090,34.938858,18.446329
2016-02-08,16.802115,17.249666,16.756602,17.211739,1525000,46.020775,37.183418,36.163322,18.650261
2016-02-09,17.067613,17.204154,16.627648,16.764189,2008000,46.548611,37.431309,36.478836,18.789230
2016-02-10,16.870388,17.310353,16.612477,17.022100,2658000,47.107044,37.386257,36.433765,18.916000
2016-02-11,14.738832,16.460764,14.018199,15.929771,3959800,45.936638,37.085770,35.622448,19.140539
2016-02-12,16.126998,16.726260,15.846330,16.711090,1907100,46.028435,37.611595,35.239334,18.903240
2016-02-15,16.126998,16.726260,15.846330,16.711090,0,46.028435,37.611595,35.239334,18.903240
2016-02-16,17.022099,17.537921,16.817287,17.378622,1748500,47.282997,37.912075,36.493855,18.878599
2016-02-17,17.560677,17.811002,17.075199,17.735146,2142000,47.741974,38.302681,36.839413,18.333590
2016-02-18,17.727560,17.765488,17.310351,17.439306,1210500,48.162708,38.129917,36.831905,18.296009
2016-02-19,17.317937,17.446893,16.870386,17.234495,1857800,48.170353,38.190002,37.072292,18.213751
2016-02-22,17.431721,17.613775,17.363450,17.424135,1765800,49.034786,38.377808,38.056381,18.081711
2016-02-23,17.325525,17.750318,17.264840,17.712391,1643100,49.562611,38.370285,38.319305,18.206249
2016-02-24,17.651705,17.788246,17.325523,17.515163,1434400,50.013943,38.490482,39.528748,18.178280
2016-02-25,17.545505,18.205453,17.287596,17.985470,1772600,50.863068,38.926163,40.648060,18.128000
2016-02-26,18.015813,18.205453,17.932371,17.985470,1550200,49.966022,38.377808,39.393532,18.276590
2016-02-29,18.000644,18.630249,17.985472,18.546808,2234300,49.644016,38.250095,40.099682,18.138411
2016-03-01,18.599905,18.660590,18.114425,18.129597,2674000,50.280384,38.618183,40.212353,17.903940
2016-03-02,18.159940,18.599905,17.985470,18.448193,1416800,50.441383,38.730862,41.249020,17.848240
2016-03-03,18.463365,18.827474,18.455780,18.797132,1859500,50.617737,38.926163,41.526974,17.937750
2016-03-04,18.668176,18.797132,18.440607,18.721275,1545300,49.805016,39.091423,37.846043,17.759050
2016-03-07,18.759202,18.835059,18.516463,18.736446,1811900,50.364719,38.851040,38.311798,17.740351
2016-03-08,18.615078,18.888159,18.615078,18.797132,1791900,50.173031,38.963718,38.447018,17.920719
2016-03-09,18.804717,19.017113,18.470950,18.683346,1141500,50.663727,39.256683,39.303391,17.740999
2016-03-10,18.812301,18.812301,18.182696,18.228210,1588500,51.093090,39.271706,38.582226,17.840710
2016-03-11,18.334407,18.622660,18.076497,18.622660,1414300,51.898113,39.399410,38.619785,17.696720
2016-03-14,18.493707,18.561978,18.220626,18.326824,878800,51.537766,39.376873,38.236668,17.743999
2016-03-15,18.137183,18.296481,17.970300,17.985470,1346100,51.108414,39.474510,37.823505,17.886311
2016-03-16,17.864101,18.182696,17.704804,18.068913,877200,51.407425,39.564671,38.687397,17.614321
2016-03-17,18.152354,19.062626,18.046156,19.009527,2025600,51.530102,39.805042,39.273338,17.339350
2016-03-18,19.062625,19.244681,19.009526,19.077797,1585500,51.507092,39.752949,39.581345,17.389259
2016-03-21,19.001942,19.085384,18.531635,18.774374,1055300,51.185081,39.775600,38.830124,17.418940
2016-03-22,18.774374,18.835059,18.402680,18.433022,1139400,51.131413,39.541531,38.537155,17.346470
2016-03-23,18.379922,18.516463,18.266138,18.410265,627300,51.706448,39.549088,37.936180,17.576241
2016-03-24,18.349580,18.417851,18.008227,18.273724,860300,51.284748,39.503788,37.650719,17.589041
2016-03-25,18.349580,18.417851,18.008227,18.273724,0,51.284748,39.503788,37.650719,17.589041
2016-03-28,18.364750,18.903329,18.288895,18.493706,1023700,51.737125,39.715191,40.948536,17.433580
2016-03-29,18.455779,18.956429,18.220626,18.941257,933100,51.905781,40.009655,40.114697,17.325340
2016-03-30,19.153655,19.335709,18.872987,19.237097,1181400,51.798443,40.273922,38.694912,17.265400
2016-03-31,19.237095,19.358465,19.055041,19.267437,2571400,51.108414,40.062508,38.995396,17.262911
2016-04-01,19.221923,19.813601,19.168824,19.813601,1514600,52.204788,40.485348,39.070522,17.329020
2016-04-04,19.798431,20.063927,19.510177,19.623962,2426600,51.959457,40.500439,38.957840,17.497440
2016-04-05,19.517762,19.608790,19.221924,19.441906,1953700,51.706448,40.228638,39.002907,17.681021
2016-04-06,19.517763,19.722574,19.259852,19.714989,1129800,52.166470,40.545742,39.085545,17.625429
2016-04-07,19.548105,19.821186,19.275023,19.639132,1075500,52.013126,40.107822,39.115589,17.880150
2016-04-08,19.699816,19.836357,19.252265,19.366051,1107700,52.220131,40.326782,38.416958,17.767870
2016-04-11,19.472248,19.540519,19.138481,19.229509,1065600,51.706448,40.039871,38.567204,17.650620
2016-04-12,19.176410,19.646717,19.176410,19.457077,1158600,52.419483,40.289024,39.355968,17.475149
2016-04-13,19.479835,19.555691,19.297780,19.548105,1194400,50.318714,39.979454,39.040462,17.424999
2016-04-14,19.510177,19.510177,19.001942,19.001942,1219100,49.575001,39.798248,38.619785,17.431650
2016-04-15,19.017112,19.457077,18.872985,19.032284,1246500,50.088707,40.047417,39.017929,17.545610
2016-04-18,18.857818,18.918502,18.554392,18.872988,1321400,50.441383,40.273922,39.250805,17.409189
2016-04-19,18.948841,19.032284,18.448192,18.478535,1171200,50.081039,40.251270,38.679882,17.335831
2016-04-20,18.455778,18.478535,17.985470,18.084084,1443100,48.815968,39.798248,39.055489,17.254850
2016-04-21,18.008228,18.175111,17.864101,17.924786,1810900,48.256283,39.088505,37.695797,17.452150
2016-04-22,17.902028,18.334407,17.864099,18.167524,1324600,48.355949,39.231972,38.056381,17.463409
2016-04-25,18.197869,18.311652,17.962715,17.962715,734300,49.130318,39.503788,37.754013,17.565001
2016-04-26,17.970300,18.061326,17.848930,17.902029,1455600,49.590355,39.345226,38.087444,17.375839
2016-04-27,17.742732,17.970301,17.666877,17.811003,2087500,50.088707,39.533981,38.201118,17.292900
2016-04-28,19.578448,20.640433,19.153655,20.025999,4755500,50.234375,39.571728,38.602753,17.257509
2016-04-29,20.025999,20.511478,19.441907,20.412865,3154700,50.464382,39.488686,38.466347,17.172010
2016-05-02,20.488720,21.080398,20.488720,20.860415,1807300,51.116085,39.941711,39.716732,17.203199
2016-05-03,20.974198,21.004541,20.359764,20.579746,2586000,50.878391,39.866199,39.322681,17.599751
2016-05-04,20.541819,20.822487,20.511477,20.579746,1997800,51.131413,39.987007,39.504562,17.770840
2016-05-05,20.693532,20.693532,19.563277,19.950142,3810900,50.893742,39.994556,39.731892,17.874399
2016-05-06,19.950143,21.000598,19.492689,20.975183,3843700,51.560768,40.198429,39.140800,17.848049
2016-05-09,21.186967,21.898564,21.093781,21.610537,1837600,52.319798,40.417381,37.132607,18.190060
2016-05-10,21.525823,22.008693,21.390281,22.000221,1339600,53.109512,40.817562,36.647614,17.983351
2016-05-11,21.754552,22.372964,21.610539,22.008694,1098000,52.503815,40.492889,37.049244,17.988239
2016-05-12,22.144234,22.372962,21.822321,21.983278,1260300,52.634163,40.711849,37.185661,17.962170
2016-05-13,22.093407,22.152706,21.644422,21.796907,1039500,52.710815,40.198429,37.041676,18.157480
2016-05-16,21.822324,22.449207,21.822324,22.008694,1020500,52.404133,40.455135,36.920418,18.306520
2016-05-17,21.890093,22.017164,21.195439,21.415695,958700,50.985729,39.662346,35.533634,18.293180
2016-05-18,21.407224,21.474995,20.932824,21.119196,891700,50.288033,39.201763,35.275978,18.427919
2016-05-19,21.059897,21.474995,20.805754,21.246267,1454600,49.851025,39.586834,34.654575,18.415390
2016-05-20,21.203911,21.483468,20.975183,21.153082,861100,49.613338,39.382969,34.442390,18.332529
2016-05-23,21.085310,21.314038,21.026010,21.144609,946500,49.820362,39.420734,34.419643,18.521610
2016-05-24,21.178496,21.347925,21.042954,21.186968,1254100,49.912350,39.752949,34.722771,18.466471
2016-05-25,20.551613,20.763398,20.034857,20.754927,2250000,49.667004,39.813351,34.124111,18.492300
2016-05-26,20.602440,21.449580,20.602440,21.280153,1629000,49.943016,39.971916,34.556068,18.439980
2016-05-27,21.339453,21.508880,21.017539,21.042953,1355100,50.004517,40.017212,34.662151,18.448090
2016-05-30,21.339453,21.508880,21.017539,21.042953,0,50.004517,40.017212,34.662151,18.448090
2016-05-31,20.983655,21.373338,20.814226,21.068369,1255200,49.013172,39.760494,33.722473,18.465401
2016-06-01,20.924355,21.390281,20.924355,21.085310,1901800,49.420460,40.168213,34.184734,18.502190
2016-06-02,21.026011,21.153082,20.721040,21.127668,1661600,48.106365,40.183308,33.752781,18.670349
2016-06-03,21.085310,21.381809,21.059896,21.178495,977100,48.575150,40.440029,33.669422,18.593691
2016-06-06,20.661739,20.831168,20.390655,20.797281,2022700,46.784611,40.485348,33.260208,18.675579
2016-06-07,20.771869,20.958239,20.636327,20.704098,954000,46.753857,40.440029,32.547867,18.386021
2016-06-08,20.475370,20.729511,20.466898,20.627855,1050000,45.923916,40.681648,32.146236,18.117550
2016-06-09,20.509253,21.297094,20.500783,21.170023,1409800,47.091988,40.840218,32.585758,18.250549
2016-06-10,21.009068,21.305567,20.966711,21.127668,1350600,46.546371,40.870411,31.858261,18.629080
2016-06-13,21.034482,21.127668,20.543141,20.627855,1352200,46.054550,40.530643,30.691242,18.835970
2016-06-14,20.492313,20.712569,20.314413,20.644798,976300,46.331203,40.689190,30.509365,18.920700
2016-06-15,20.636327,20.865053,20.585497,20.687155,922200,46.384991,40.568386,30.395695,18.896820
2016-06-16,20.670211,21.110725,20.619384,21.102253,1055000,47.253376,40.779804,31.214128,18.907471
2016-06-17,20.975182,21.119196,20.771869,20.865053,835700,47.045883,40.614964,30.926157,18.838909
2016-06-20,21.059897,21.314038,20.881996,21.042953,671100,47.099667,40.744099,30.767017,18.630690
2016-06-21,21.186966,21.398751,21.068367,21.170023,982700,47.783623,40.850449,31.077715,18.632450
2016-06-22,21.161554,21.491939,21.026011,21.271683,1089200,48.167839,40.873234,31.070141,18.404640
2016-06-23,21.390282,21.534295,21.280154,21.508881,712800,48.690414,41.123901,31.577873,18.433901
2016-06-24,20.848112,21.432637,20.670212,21.263210,1395400,48.851795,40.333927,31.691547,18.897421
2016-06-27,20.534671,20.881998,20.500786,20.602442,1281200,50.135147,40.250374,31.653664,19.110460
2016-06-28,20.670212,20.771870,20.407599,20.517727,1090500,49.335926,40.501026,31.759756,18.808180
2016-06-29,20.721039,20.831168,20.229698,20.263584,1468200,49.358997,40.971973,32.926777,18.510090
2016-06-30,20.390656,21.661366,20.314413,21.585123,2140100,51.326279,41.891083,33.586067,18.322950
2016-07-01,21.678309,21.805380,21.085310,21.127668,1180500,50.734558,41.693592,33.790672,18.347740
2016-07-04,21.678309,21.805380,21.085310,21.127668,0,50.734558,41.693592,33.790672,18.347740
2016-07-05,20.941295,21.076837,20.729510,20.737982,2136500,51.249432,41.929054,33.707306,18.823500
2016-07-06,20.797282,21.559709,20.729511,21.458052,2583900,51.994846,41.967037,34.275677,18.747471
2016-07-07,21.551237,22.008692,21.517351,21.873150,1340400,51.994846,41.883480,34.245358,18.810749
2016-07-08,21.923977,22.025635,21.788435,21.847736,1186400,52.963112,42.301247,34.571220,18.505289
2016-07-11,21.881622,21.907037,21.568180,21.585123,980700,52.617306,42.308846,34.616692,18.464220
2016-07-12,21.686780,21.788436,21.491938,21.517351,1425500,52.763317,42.080967,34.503010,18.332600
2016-07-13,21.500409,21.517352,21.026011,21.305567,962500,53.185993,42.316444,34.669739,18.377750
2016-07-14,21.339453,21.779964,21.254739,21.441109,2332400,53.677811,42.308846,33.934658,18.366051
2016-07-15,21.347925,21.695252,21.212382,21.322510,1067200,53.462631,42.308846,33.457237,18.598049
2016-07-18,21.229323,21.661365,21.093781,21.119196,733600,53.708546,42.263279,33.479977,18.381580
2016-07-19,21.373337,21.373337,20.941295,21.254738,1027800,54.623016,42.232880,31.653664,18.490049
2016-07-20,21.237796,21.407225,21.068369,21.271683,614700,54.307945,42.080967,31.297485,18.672050
2016-07-21,21.314039,21.415697,21.229325,21.330982,489600,54.661442,41.959450,31.320221,18.564310
2016-07-22,21.449580,21.517351,21.263210,21.339453,869800,55.629726,42.156925,30.751871,18.541220
2016-07-25,21.254738,21.627480,21.254738,21.593594,763900,56.336716,42.111343,30.986774,18.773390
2016-07-26,21.695253,21.898566,21.322511,21.330982,888200,55.944790,41.784733,31.047413,18.751450
2016-07-27,21.246268,21.339454,20.483843,20.602442,1252000,55.452976,41.161869,30.956474,18.822201
2016-07-28,20.458428,20.543143,19.611288,20.111101,2109600,56.136906,41.344170,30.683655,18.891821
2016-07-29,20.161927,20.170399,19.645173,19.696001,1507200,56.559570,41.549259,31.752169,18.747049
2016-08-01,19.780715,20.034856,19.518102,19.687529,2028900,57.082115,41.594830,31.479361,18.859850
2016-08-02,19.687529,19.823071,19.272431,19.374088,1698700,56.467354,41.534073,31.418737,18.933580
2016-08-03,19.374090,19.662116,19.289376,19.611288,1608500,56.075424,41.306175,32.244747,18.882950
2016-08-04,19.679058,19.856958,19.636702,19.738358,805900,56.528843,41.397335,32.441772,18.898060
2016-08-05,19.755301,19.873900,19.458802,19.484217,811100,56.590302,41.465698,32.881306,18.751511
2016-08-08,19.577402,19.746829,19.450330,19.577402,903200,56.920750,41.420132,32.896461,18.549650
2016-08-09,19.526572,19.687529,19.526572,19.628229,964100,57.228149,41.549259,32.684277,18.436850
2016-08-10,19.636701,19.772244,19.399502,19.416445,1126600,57.358780,41.701180,32.441772,18.408739
2016-08-11,19.509630,19.679057,19.306317,19.314787,1226700,57.304989,41.701180,31.774908,18.232000
2016-08-12,19.306318,19.458802,19.238545,19.263960,1022100,57.919785,41.845505,31.865847,18.259270
2016-08-15,19.170774,19.382559,19.111474,19.221603,662100,57.704590,41.739170,31.971933,18.077841
2016-08-16,19.187716,19.306316,19.052173,19.069117,1398100,57.059093,41.556854,31.699121,18.056000
2016-08-17,19.026759,19.704472,19.026759,19.594343,1545600,57.158985,41.670788,32.767639,18.108601
2016-08-18,19.484216,19.924729,19.475744,19.890842,1467400,57.658489,41.815121,33.116234,18.172070
2016-08-19,19.924729,20.034856,19.789187,19.950142,926100,57.543209,41.716370,33.123798,18.215000
2016-08-22,20.000974,20.314414,19.950144,20.229700,1025900,58.096523,41.777130,33.229897,18.298519
2016-08-23,20.229698,20.288999,19.882371,19.890842,1112700,57.804497,41.693592,33.502705,18.526649
2016-08-24,19.984029,20.144986,19.619759,19.662115,1130500,57.635426,41.625217,33.540596,18.465700
2016-08-25,19.679058,20.128043,19.670587,19.958614,975400,57.996620,41.465698,33.654263,18.359680
2016-08-26,19.916259,20.204286,19.323260,19.348675,1439500,57.704590,41.253021,33.404202,18.588221
2016-08-29,19.441859,19.551987,19.255488,19.475744,794900,58.426971,41.496094,34.154423,18.633089
2016-08-30,19.441860,19.594344,19.255488,19.577402,1223600,58.080460,41.253021,34.972858,18.794500
2016-08-31,19.611288,19.763774,19.204661,19.551989,749800,58.188259,41.306175,34.813713,18.794201
2016-09-01,19.492688,19.653646,19.331731,19.467274,730700,58.118965,41.321388,33.389038,18.742689
2016-09-02,19.484215,20.051799,19.424916,19.941671,816000,58.858173,41.640408,33.176849,18.579201
2016-09-05,19.484215,20.051799,19.424916,19.941671,0,58.858173,41.640408,33.176849,18.579201
2016-09-06,20.026385,20.094156,19.162303,19.374088,1273100,58.580944,41.731560,33.631535,18.260201
2016-09-07,19.314788,19.450330,19.136890,19.424917,690500,57.964962,41.366959,33.889194,18.390551
2016-09-08,19.433388,19.458801,19.162304,19.280903,1072500,57.518383,41.139084,33.858871,18.661699
2016-09-09,19.145361,19.280904,18.094908,18.120321,1907300,55.639591,40.022507,32.934349,18.895870
2016-09-12,17.993249,18.332105,17.917007,18.205034,2015000,56.848484,40.774490,33.366299,18.819660
2016-09-13,18.154208,18.315165,17.823824,17.823824,1480100,56.494282,40.273163,33.116234,19.109671
2016-09-14,17.874651,18.137264,17.705222,17.756050,1433300,56.286373,40.151627,32.449360,19.281349
2016-09-15,17.671336,17.917006,17.535794,17.840763,1108500,56.671383,40.478245,32.153805,19.349800
2016-09-16,17.679809,17.747580,17.391782,17.620508,1725900,56.401882,40.346790,32.009827,19.610680
2016-09-19,17.620508,18.128792,17.612038,18.069492,1767000,57.156498,40.262726,32.494827,19.666250
2016-09-20,18.111849,18.247393,17.950893,17.950893,1099700,57.410572,40.369709,32.002247,19.831320
2016-09-21,17.993249,17.993249,17.713693,17.925478,1154900,58.280651,40.591373,32.373573,19.720680
2016-09-22,17.976306,18.137263,17.849235,17.959364,706700,59.104557,40.950584,31.987101,19.624350
2016-09-23,17.959365,18.027136,17.756050,17.756050,774600,58.719551,40.767155,31.956772,19.781940
2016-09-26,17.756051,17.976308,17.696751,17.705223,851700,58.426979,40.423210,31.130768,19.877720
2016-09-27,17.739109,17.917008,17.645924,17.705223,1093600,58.303772,40.591373,30.918581,19.371901
2016-09-28,17.654395,17.874651,17.620508,17.798409,1103000,58.534748,40.660152,30.569986,19.341400
2016-09-29,17.705222,17.840764,17.628979,17.730637,1044400,57.618465,40.262726,30.069836,19.544291
2016-09-30,17.883122,18.018665,17.756050,17.891594,924700,57.495266,40.667793,29.205927,19.368931
2016-10-03,17.806879,18.137263,17.764521,18.128792,1159400,57.826374,40.407932,29.001326,19.296310
2016-10-04,18.086436,18.086436,17.264709,17.315538,1833000,56.725285,40.063999,28.811876,19.313290
2016-10-05,17.324010,17.730637,17.324010,17.654394,3802700,56.802273,40.025787,28.986174,19.208799
2016-10-06,17.679810,17.917008,17.603567,17.883123,736400,57.271965,40.102219,29.221088,19.228100
2016-10-07,17.612038,17.612038,16.790311,17.078339,2815200,52.166924,39.995216,29.243828,19.291410
2016-10-10,17.171526,17.798409,17.044455,17.688280,1292100,54.284386,39.995216,29.478745,18.908649
2016-10-11,17.713694,18.162679,17.688279,17.798409,1237100,54.961998,39.788868,29.289293,18.874849
2016-10-12,17.696749,17.806878,17.425665,17.722164,1071500,55.100597,40.010506,28.819454,18.937851
2016-10-13,17.654394,17.840764,17.552736,17.730637,860400,55.462502,40.018150,29.137732,18.951920
2016-10-14,17.654394,17.866179,17.493437,17.552736,670400,55.116001,40.025787,29.114998,19.002310
2016-10-17,17.561209,17.823824,17.561209,17.705223,686600,55.092888,39.834717,28.743670,18.853380
2016-10-18,17.874650,17.874650,17.662865,17.730637,599700,55.100597,39.957005,28.523911,18.599730
2016-10-19,17.645922,17.789936,17.578151,17.713694,1068000,54.261307,39.727711,28.516336,18.520149
2016-10-20,17.679807,17.730635,17.086809,17.103752,1825200,53.753120,39.704796,27.963129,18.590200
2016-10-21,17.061395,17.696750,17.002095,17.468023,2010000,53.545212,39.918785,28.076797,18.584629
2016-10-24,17.603566,17.857708,17.501909,17.756050,1427700,53.768513,40.178658,28.796721,18.544661
2016-10-25,17.781465,17.823823,17.620508,17.713694,1456800,53.160210,40.323864,28.773983,18.528940
2016-10-26,17.679810,17.747581,17.501910,17.510382,1334300,52.875324,40.270370,28.349606,18.692640
2016-10-27,16.731010,18.145734,16.519226,17.840763,1943700,53.060123,40.086922,28.561800,18.823130
2016-10-28,17.806878,18.467646,17.806878,18.332104,1399300,53.699215,40.255074,28.917963,18.965700
2016-10-31,18.281279,18.518479,18.162680,18.501535,1142900,54.553894,40.354427,29.289293,18.862000
2016-11-01,18.467647,18.814974,18.306692,18.459177,1744300,54.738689,40.178658,28.910393,19.172400
2016-11-02,18.391405,18.399877,17.688279,17.857708,2896600,54.138096,40.079292,28.683048,19.341141
2016-11-03,17.815351,17.866179,17.679808,17.806879,1346300,53.876308,39.804150,28.266251,19.145901
2016-11-04,17.798407,17.993249,16.349797,16.358269,4343600,51.728016,39.444931,27.660004,19.010530
2016-11-07,16.434512,16.747955,16.222727,16.603941,1810300,53.429718,40.109852,28.266251,18.549860
2016-11-08,16.510755,17.205409,16.476870,17.078339,1455300,54.130402,40.278011,27.849464,18.300600
2016-11-09,16.731011,16.951267,15.816100,16.637825,2223900,53.529808,39.727711,28.834604,19.883410
2016-11-10,16.595469,16.620884,15.900815,15.968586,2082200,51.004242,38.665356,29.895538,20.507010
2016-11-11,15.934700,16.053300,15.485717,15.909286,2940600,51.235241,38.627151,31.032249,20.736839
2016-11-14,15.917758,16.578526,15.909286,16.485340,1418400,52.729023,38.558357,31.790058,20.719820
2016-11-15,16.561584,16.756428,16.383686,16.400629,3358600,52.975437,38.795292,30.426008,20.306650
2016-11-16,16.392155,16.680183,16.358269,16.637825,1446800,53.144829,38.802925,30.122885,20.206751
2016-11-17,16.426040,16.536169,15.197688,15.765272,3288900,51.358444,38.734146,30.274443,20.413500
2016-11-18,15.697501,15.799157,15.409474,15.511129,2545200,51.866627,38.596581,30.312340,20.619970
2016-11-21,14.562334,15.866929,14.528448,15.477245,4953000,44.351517,38.856434,30.274443,20.439171
2016-11-22,15.189217,15.739858,15.189217,15.426415,2901000,45.398697,39.055141,30.297180,20.601311
2016-11-23,15.426416,15.502659,15.011318,15.104504,1977100,45.167706,38.841133,30.122885,20.640800
2016-11-24,15.426416,15.502659,15.011318,15.104504,0,45.167706,38.841133,30.122885,20.640800
2016-11-25,15.206161,15.417946,15.002846,15.401003,898200,45.930004,39.146866,30.577570,20.673500
2016-11-28,15.384059,15.392531,15.104503,15.231574,2413500,44.921314,39.230938,31.032249,20.612289
2016-11-29,15.494188,15.595844,15.316288,15.502658,1701400,45.574471,39.284428,30.312340,20.624550
2016-11-30,15.460303,15.561960,14.858834,14.918134,2712600,43.912579,38.657711,30.842800,20.562149
2016-12-01,14.918133,15.121446,14.689405,14.723289,1651900,43.417873,38.405491,31.032249,20.759850
2016-12-02,14.875775,15.062146,14.782590,14.985904,1862500,44.098083,38.650078,30.047100,20.606010
2016-12-05,15.053675,15.409474,15.053675,15.231574,1479100,44.268147,38.695934,30.122885,20.565001
2016-12-06,15.231574,15.587373,15.163803,15.163803,2251900,44.360909,38.810570,30.047100,20.391899
2016-12-07,15.248517,15.612788,15.155331,15.570430,1950600,45.466248,39.368511,30.615452,20.325291
2016-12-08,15.528073,15.977057,15.443358,15.502658,2311300,47.607391,39.207996,30.084997,20.302750
2016-12-09,15.561961,16.434514,15.477246,16.222729,3351500,47.862473,39.773571,30.463902,20.373631
2016-12-12,16.129544,16.358270,15.900816,16.036358,2756600,48.040253,39.934082,30.729130,20.193600
2016-12-13,16.104130,16.163429,15.807630,15.934701,1837400,48.496307,40.117496,32.017406,20.267950
2016-12-14,15.968586,16.027885,15.494188,15.502658,1327800,48.032520,39.681854,30.918581,20.478470
2016-12-15,15.680558,15.680558,15.062147,15.256989,2863000,48.233494,39.850002,31.259590,20.331650
2016-12-16,15.256988,15.519601,15.248516,15.511129,2616800,48.264416,40.077919,32.775211,20.409590
2016-12-19,15.570428,15.731385,15.451829,15.731385,1090700,48.179394,40.154922,32.623650,20.362200
2016-12-20,15.739858,15.909286,15.460302,15.799157,976900,47.847015,40.077919,32.775211,20.447380
2016-12-21,15.849986,16.053301,15.765273,15.866929,711900,47.901119,40.070225,32.358414,20.557610
2016-12-22,15.807630,16.163429,15.468774,16.078714,1344200,47.723324,40.008617,31.827944,20.746639
2016-12-23,16.053299,16.146483,15.807628,16.112598,933300,48.349430,40.085613,34.063488,20.643419
2016-12-26,16.053299,16.146483,15.807628,16.112598,0,48.349430,40.085613,34.063488,20.643419
2016-12-27,16.053301,16.273556,16.019415,16.138014,598000,48.264416,40.077919,34.442390,20.759350
2016-12-28,16.205784,16.205784,15.858457,15.951643,840600,47.653767,39.831520,33.684578,20.705090
2016-12-29,15.934699,16.256613,15.909286,16.180370,706900,48.040253,40.016327,33.116234,20.702000
2016-12-30,16.171899,16.290498,16.036357,16.087185,904600,47.676956,39.816116,33.479977,20.718040
2017-01-02,16.171899,16.290498,16.036357,16.087185,0,47.676956,39.816116,33.479977,20.718040
2017-01-03,16.214255,16.502282,16.163427,16.434511,1471500,48.372620,39.962418,33.154110,21.120220
2017-01-04,16.400629,16.714069,16.087186,16.654770,1367700,49.060577,39.962418,33.381462,21.479650
2017-01-05,16.570054,16.722539,16.417568,16.612411,3028000,49.315655,40.093311,33.267776,21.385469
2017-01-06,16.603941,16.612413,16.188843,16.231199,943500,48.944637,40.131813,32.623650,21.216530
2017-01-09,16.188843,16.375214,15.739859,15.782215,1420200,48.426750,39.808426,33.457237,21.359100
2017-01-10,15.799157,16.036357,15.468773,15.502658,914600,47.313663,39.608231,33.040447,21.812130
2017-01-11,15.545017,15.858458,15.477246,15.722916,637000,47.506901,39.685223,33.684578,21.904650
2017-01-12,15.680558,15.816101,15.553488,15.663615,439200,47.684696,39.646709,32.547867,21.772051
2017-01-13,15.629729,15.875399,15.629729,15.731385,570200,47.916584,39.669827,32.585758,21.470289
2017-01-16,15.629729,15.875399,15.629729,15.731385,0,47.916584,39.669827,32.585758,21.470289
2017-01-17,15.655145,15.960116,15.621260,15.841516,1250700,48.171658,40.231918,32.888893,21.511320
2017-01-18,15.883873,15.985530,15.790687,15.841516,918000,48.496307,40.370510,33.154110,21.909170
2017-01-19,15.841516,15.926228,15.570430,15.578901,837300,48.187115,40.224213,32.661541,21.921989
2017-01-20,15.680558,15.866929,15.587373,15.714443,1185900,48.364910,40.486008,32.964668,21.576651
2017-01-23,15.756801,15.849986,15.655144,15.833044,749300,47.731056,40.470619,33.154110,21.325199
2017-01-24,15.858457,16.095657,15.722915,15.968586,947300,48.202576,40.740116,32.888893,21.506701
2017-01-25,15.960114,16.214256,15.934700,16.027885,825700,48.411289,40.732414,32.396313,21.055300
2017-01-26,16.010942,16.053300,15.697501,15.739858,928000,47.700138,40.555309,31.979506,21.212160
2017-01-27,15.697502,15.968586,15.697502,15.892344,948900,48.519497,40.332012,31.373266,20.859529
2017-01-30,15.816100,15.943171,15.731386,15.917758,803300,48.364910,40.301220,31.486933,20.767490
2017-01-31,15.917759,16.248143,15.909287,16.214256,1271600,48.534958,40.493713,31.600605,20.805099
2017-02-01,16.222727,16.392156,16.121071,16.383684,1149000,49.702148,40.178024,31.865847,20.710180
2017-02-02,16.392157,16.519227,16.298971,16.451456,1239500,50.382366,40.547623,31.714273,20.528271
2017-02-03,16.561584,16.586998,16.324385,16.451456,1073500,50.544689,40.809414,31.183821,20.336260
2017-02-06,16.451454,16.519225,15.705972,15.790685,1637700,48.797756,40.586121,30.009211,20.544720
2017-02-07,15.807628,16.239670,15.756800,15.824572,1164900,49.972691,40.917206,29.592421,20.608879
2017-02-08,15.782214,16.070241,15.595843,15.883871,1460000,50.281879,41.086609,29.440855,20.512350
2017-02-09,15.341704,17.527325,15.333232,17.451082,2878000,50.544689,41.256004,30.198664,20.361589
2017-02-10,17.451082,18.154208,17.239297,17.307068,2075400,50.289608,41.286800,29.857656,20.324980
2017-02-13,17.281653,17.510381,17.281653,17.383310,1384600,50.475124,41.286800,29.706091,20.275999
2017-02-14,17.357893,17.535793,17.179995,17.222351,1400600,50.243217,41.294495,29.592421,20.273140
2017-02-15,17.171525,17.501909,17.137639,17.442610,1287000,50.498314,41.671787,29.706091,20.286551
2017-02-16,17.468023,17.468023,17.120694,17.425665,982100,50.165932,41.725693,29.516638,20.397449
2017-02-17,17.451082,17.612039,17.112227,17.510382,1294600,50.444199,41.933590,29.289293,20.412491
2017-02-20,17.451082,17.612039,17.112227,17.510382,0,50.444199,41.933590,29.289293,20.412491
2017-02-21,17.535797,17.866181,17.340953,17.391783,1176000,48.936920,42.310883,29.137732,19.999260
2017-02-22,17.391781,17.451081,17.196938,17.340952,1142100,48.867329,42.318584,29.099850,19.889799
2017-02-23,17.366366,17.527323,17.137638,17.493437,1970500,48.558140,42.418690,28.872501,19.679760
2017-02-24,17.484966,17.484966,17.273182,17.307068,811800,48.449921,42.564983,28.758827,19.910780
2017-02-27,17.298594,17.510379,17.239295,17.425665,1844500,48.376240,42.372486,28.834604,19.897200
2017-02-28,17.366367,17.688279,17.222353,17.264709,1659400,48.531395,42.426376,28.758827,20.110100
2017-03-01,17.307068,17.620509,17.188469,17.510382,1156000,49.803635,42.626579,28.872501,19.851460
2017-03-02,17.501908,17.637450,17.307066,17.527323,1030400,48.950298,42.618874,28.342030,20.003349
2017-03-03,17.527323,17.772993,17.476493,17.747580,1007800,49.338177,42.457184,28.342030,19.503290
2017-03-06,17.196938,17.595095,17.163053,17.535795,1472600,48.089207,42.272388,28.645153,19.602140
2017-03-07,17.578152,17.637451,17.442610,17.561209,990300,48.011631,42.218487,28.152580,19.479679
2017-03-08,17.535796,17.789937,17.468025,17.739109,1339800,48.034901,42.126091,28.758827,19.678591
2017-03-09,17.747580,17.900064,17.671338,17.874651,1130500,48.321930,42.195381,29.440855,19.828079
2017-03-10,18.001722,18.391405,17.950894,18.230450,1270200,49.299377,42.387878,29.402964,19.594101
2017-03-13,18.230449,18.382934,18.086435,18.205034,896800,49.338177,42.418690,29.061949,19.620010
2017-03-14,18.247393,18.323634,18.035608,18.196564,1154500,48.616722,42.295490,28.910393,19.653900
2017-03-15,18.332105,18.526948,18.179619,18.518476,971600,48.950298,42.611191,29.175617,19.232201
2017-03-16,18.552361,18.577776,18.145734,18.340576,1131700,48.096954,42.672764,29.554529,19.234400
2017-03-17,18.323633,18.510005,18.264334,18.459177,1185700,47.972855,42.556660,29.175617,19.075991
2017-03-20,18.459178,18.577777,18.188092,18.391405,1536900,48.376240,42.641819,29.706091,19.006390
2017-03-21,18.484592,18.526950,18.179621,18.382936,1500700,48.298656,42.603115,29.706091,19.094801
2017-03-22,18.365991,18.637075,18.306691,18.594719,1117900,48.655499,42.517975,28.152580,19.015909
2017-03-23,18.611661,18.764147,18.560833,18.721790,928900,48.352966,42.425076,28.266251,18.942511
2017-03-24,18.721790,18.933575,18.654019,18.857332,892800,48.539143,42.339935,28.304140,18.748230
2017-03-27,18.526948,18.916632,18.382935,18.899689,1103300,47.972855,42.301254,28.417810,18.873449
2017-03-28,18.916631,18.984402,18.798032,18.891216,676000,47.957325,42.378647,28.455698,18.989510
2017-03-29,18.882749,19.035233,18.848863,19.001348,657600,48.003864,42.456039,28.076797,18.706499
2017-03-30,18.984404,19.026760,18.865805,18.984404,638900,47.817692,42.370903,27.887350,18.726231
2017-03-31,19.001345,19.145359,18.882746,19.069117,743700,47.872005,42.247070,27.887350,18.691589
2017-04-03,19.060647,19.162305,18.882749,18.992876,863100,48.081444,42.177395,27.546333,18.697901
2017-04-04,18.967460,19.052174,18.798033,19.018290,807000,48.151260,42.301254,27.887350,18.814791
2017-04-05,19.077589,19.187717,18.865804,19.077589,1618000,48.058178,42.223827,27.773678,18.799801
2017-04-06,19.094533,19.357146,18.916633,19.306318,852200,48.577927,42.223827,28.569387,18.742901
2017-04-07,19.289375,19.399502,19.170774,19.221603,788200,48.221092,42.339935,28.190474,18.651979
2017-04-10,19.230075,19.357146,19.128417,19.280903,801100,48.601212,42.463806,28.796721,18.689831
2017-04-11,19.255488,19.357146,19.145361,19.323259,521400,48.764107,42.479282,29.175617,18.753599
2017-04-12,19.280902,19.399501,19.213131,19.331730,530500,49.850170,42.641819,29.251402,18.554560
2017-04-13,19.348673,19.382558,19.213131,19.331730,961300,49.237328,42.448307,29.236240,18.566719
2017-04-14,19.348673,19.382558,19.213131,19.331730,0,49.237328,42.448307,29.236240,18.566719
2017-04-17,19.382558,19.560458,19.297845,19.509630,553100,50.005322,42.750187,29.251402,18.499559
2017-04-18,19.475744,19.696000,19.340201,19.628229,1800100,50.610413,42.943684,29.137732,18.584030
2017-04-19,19.585873,19.882371,19.433388,19.831543,1016300,50.137196,42.781143,29.175617,18.858900
2017-04-20,19.806129,20.043329,19.636702,19.958614,1026100,50.455280,42.695988,29.554529,18.811710
2017-04-21,20.026385,22.101879,19.763772,21.559710,9468600,50.532837,42.572163,29.971315,18.797001
2017-04-24,22.051051,22.212006,21.729137,21.839266,2460000,50.726768,42.959175,29.402964,18.813101
2017-04-25,21.881622,22.034107,21.551238,21.796907,1608100,50.525085,43.129463,29.327177,18.866249
2017-04-26,21.796908,22.008693,21.695252,21.940922,1005100,50.059628,42.781143,29.327177,19.163160
2017-04-27,22.025637,22.203535,21.839266,22.084936,869700,50.121685,42.726963,29.402964,19.055901
2017-04-28,22.110349,22.127293,21.839265,21.991749,948300,49.850170,42.711491,28.607267,18.809139
2017-05-01,22.025636,22.025636,21.610537,21.619009,984200,49.547623,42.548939,28.076797,18.728550
2017-05-02,21.788436,21.788436,21.195439,21.424168,1620700,49.043381,42.262547,27.811567,18.753180
2017-05-03,21.390280,21.449579,21.085309,21.432636,1086000,48.601212,42.301254,27.811567,18.827700
2017-05-04,21.390281,21.898565,20.881997,21.026011,2524900,48.849445,42.626339,28.152580,19.041000
2017-05-05,21.178497,21.568181,20.941298,21.220854,1368300,49.128712,42.742447,28.683048,18.946671
2017-05-08,21.229324,21.237796,20.805754,20.966711,1258600,46.142052,42.726963,28.645153,19.191851
2017-05-09,20.992124,21.170023,20.797281,20.932823,992100,44.900845,42.572163,28.266251,19.167500
2017-05-10,20.924354,20.924354,20.433013,20.500784,1540900,45.024952,42.603115,28.076797,19.025881
2017-05-11,20.441484,21.119196,20.212757,21.026011,2699800,45.032722,42.665039,28.379923,18.814699
2017-05-12,21.068369,21.263211,20.695627,21.068369,1756100,45.180111,42.541195,28.152580,18.782009
2017-05-15,21.017539,21.017539,20.526198,20.644798,1894100,45.048229,42.680523,28.531481,18.686100
2017-05-16,20.848111,20.924354,20.365241,20.441483,1348900,44.877575,42.641819,28.569387,18.680500
2017-05-17,20.356770,20.568555,20.246641,20.322884,1007400,45.009449,42.579903,28.948277,18.941971
2017-05-18,20.060272,20.348300,19.670587,20.255114,1779200,44.862053,42.610855,29.251402,18.837681
2017-05-19,20.339826,20.373711,20.085683,20.178869,905500,45.428360,42.843060,29.478745,18.708191
2017-05-22,20.187343,20.526198,20.128043,20.297470,1216500,45.335258,43.083023,30.350229,18.704630
2017-05-23,20.322885,20.365243,19.314788,19.856958,3471500,45.319752,43.129463,30.577570,18.648590
2017-05-24,19.899314,20.356770,19.484216,20.187342,1529800,45.327515,43.299755,30.615452,18.438511
2017-05-25,20.255113,20.458427,19.662115,19.679058,1473200,45.071507,43.570667,31.259590,18.491650
2017-05-26,19.704473,20.119571,19.492688,19.933201,1085800,45.257698,43.733212,30.804914,18.483500
2017-05-29,19.704473,20.119571,19.492688,19.933201,0,45.257698,43.733212,30.804914,18.483500
2017-05-30,19.933201,19.933201,19.441860,19.518103,996100,45.121395,43.717728,28.796721,18.718769
2017-05-31,19.696001,19.890843,19.568930,19.712944,1053900,44.654156,43.841591,28.190474,18.635349
2017-06-01,19.772244,19.772244,19.568931,19.602816,883400,45.541935,44.197628,28.645153,18.645149
2017-06-02,19.619759,19.712944,19.433388,19.518103,830600,45.082474,44.329224,29.213514,18.665991
2017-06-05,19.509631,19.611287,19.348674,19.543516,956500,45.378399,44.375664,29.365080,18.332001
2017-06-06,19.619759,20.060272,19.602816,19.780716,1135300,46.235023,44.267303,29.137732,18.253290
2017-06-07,19.840015,20.653269,19.797659,20.593969,1649900,47.091679,44.251820,28.948277,18.253269
2017-06-08,20.475370,21.356395,20.475370,20.831169,2612000,47.130611,43.918983,28.986174,18.215130
2017-06-09,20.839641,20.839641,20.390656,20.517727,1261700,47.309723,43.864796,29.175617,18.161501
2017-06-12,20.534669,20.729510,19.916257,20.560083,1031000,47.714687,43.857059,30.084997,18.125580
2017-06-13,20.560083,20.754925,20.348298,20.619383,801500,48.579105,43.926723,29.933430,18.056339
2017-06-14,20.560085,20.822698,20.433015,20.602442,1283200,48.680340,44.205376,30.047100,17.941990
2017-06-15,20.568556,20.568556,20.161927,20.289000,1070200,48.252022,44.104744,29.630308,18.031040
2017-06-16,20.221228,20.348299,19.645173,19.890842,1537000,47.979450,43.641434,28.304140,17.898979
2017-06-19,19.984029,19.984029,19.704473,19.916258,658000,47.940510,43.852043,28.796721,17.978149
2017-06-20,19.856957,20.111098,19.729886,19.823071,903100,47.808140,43.680431,28.493595,18.207899
2017-06-21,19.755299,19.873899,19.636700,19.763771,775800,47.800343,43.555622,28.607267,18.233690
2017-06-22,19.755302,19.882373,19.247018,19.433390,2242900,48.065132,43.267033,28.569387,18.110800
2017-06-23,19.407974,19.662116,19.314788,19.348675,2471500,48.898399,43.282623,28.872501,17.993271
2017-06-26,19.399501,19.526572,18.967460,18.975931,1447900,48.875034,43.454224,28.948277,17.900200
2017-06-27,18.891218,19.204661,18.687905,18.730263,1081800,48.049538,43.079819,28.910393,17.960899
2017-06-28,18.764146,18.958988,18.560833,18.603189,1129300,47.948296,43.235821,29.402964,17.830690
2017-06-29,18.628604,19.094532,18.408348,18.484591,1031000,47.948296,42.775612,29.706091,18.027201
2017-06-30,18.467648,18.721791,18.408348,18.569305,1312000,48.773788,42.853622,30.009211,18.113859
2017-07-03,18.552362,18.857333,18.501535,18.552362,494100,48.734856,42.814621,29.819752,18.180651
2017-07-04,18.552362,18.857333,18.501535,18.552362,0,48.734856,42.814621,29.819752,18.180651
2017-07-05,18.594720,18.713319,18.306692,18.391405,1158100,47.948296,42.783421,29.592421,18.308420
2017-07-06,18.459178,18.560833,18.230449,18.247393,1000500,46.889194,42.541618,29.024063,18.272961
2017-07-07,18.281277,18.306691,17.950893,18.044077,856700,46.896988,42.518208,29.137732,18.070980
2017-07-10,17.942423,18.145737,17.518853,17.569681,1108600,46.164944,42.221809,27.546333,17.937651
2017-07-11,17.628980,17.645923,17.179997,17.620508,3020300,45.619820,42.104809,27.356882,17.915991
2017-07-12,17.832291,18.332104,17.772992,18.272804,1535000,46.663349,42.338814,27.470554,17.771049
2017-07-13,18.374462,19.086060,18.374462,19.009817,2011100,47.418751,42.346622,27.735788,17.688801
2017-07-14,18.992874,19.145359,18.882746,19.009817,1242700,47.808140,42.682014,27.432671,17.554600
2017-07-17,19.009818,19.187717,18.916632,19.119946,847600,48.026188,42.728806,26.940090,17.577299
2017-07-18,19.060647,19.060647,18.721791,18.806505,1119300,47.379814,42.728806,26.864304,17.491350
2017-07-19,18.891218,19.340203,18.891218,19.052176,850500,47.605652,42.884815,26.940090,17.571430
2017-07-20,19.043703,19.145360,18.942047,19.018290,682400,47.449894,42.892632,27.356882,17.489929
2017-07-21,19.060646,19.094533,18.899689,19.043703,674200,48.189716,42.962822,28.114691,17.636810
2017-07-24,19.052175,19.272432,19.035232,19.247017,652700,47.979450,42.822426,26.409620,17.726500
2017-07-25,19.314787,19.992500,19.297845,19.907785,1034200,48.843876,43.118813,28.076797,17.763241
2017-07-26,20.331356,21.000597,20.161927,20.331356,3062400,49.085297,43.111023,28.417810,17.576599
2017-07-27,20.331355,20.492312,20.161926,20.433012,878300,49.342289,43.532234,28.834604,17.725710
2017-07-28,20.441484,20.551613,20.272057,20.517727,786800,49.061935,43.165619,29.061949,17.767731
2017-07-31,20.543142,20.627856,20.433014,20.577028,1106900,49.342289,43.150024,28.910393,17.809650
2017-08-01,20.636327,20.754926,20.399128,20.475370,1298300,48.984058,43.103222,28.796721,17.880501
2017-08-02,20.543140,20.856583,20.314412,20.856583,1213400,49.552563,43.072021,28.720938,17.828569
2017-08-03,22.025635,22.025635,21.178496,21.398752,3120400,49.248837,43.033012,28.493595,17.853991
2017-08-04,21.474995,22.279777,21.195439,21.559710,1492700,49.295559,42.916027,27.811567,17.885210
2017-08-07,21.737608,22.110350,21.661365,22.034107,1384700,52.099102,43.235821,27.925236,17.925699
2017-08-08,22.000221,22.101879,21.602066,21.822323,1904200,50.635029,43.072021,27.432671,17.860559
2017-08-09,21.898564,22.347548,21.635952,22.186592,1575600,50.354683,43.142223,27.091646,17.950960
2017-08-10,22.127294,22.601692,22.017165,22.576277,1260100,50.518215,42.962822,27.356882,17.974701
2017-08-11,22.635577,22.838891,22.398379,22.821949,672900,51.047783,42.994022,27.508444,17.811399
2017-08-14,22.864305,23.220104,22.652520,23.194689,939100,51.281403,43.204639,28.076797,17.774611
2017-08-15,23.253989,23.719915,23.126917,23.677559,1763200,51.367062,43.423035,27.660004,17.805201
2017-08-16,23.677559,24.295971,23.525074,24.236671,1880600,51.125652,43.571224,27.091646,17.665770
2017-08-17,24.228200,24.287500,23.677560,23.745331,1638000,50.541588,43.173420,26.977974,17.893499
2017-08-18,23.660616,24.016415,23.321761,23.863930,1093900,50.728485,43.056419,26.750633,17.694710
2017-08-21,24.092657,24.126542,23.821573,24.075714,1464700,50.705120,43.212418,26.106501,17.659809
2017-08-22,24.160429,24.575528,23.931701,24.541641,1327500,50.580517,43.220222,26.636971,17.655121
2017-08-23,24.473870,24.660242,24.321385,24.660242,1358600,50.276794,43.095428,26.409620,17.683500
2017-08-24,24.600942,24.702598,24.109599,24.219728,1432100,49.731667,42.502621,26.068607,17.698700
2017-08-25,24.160429,24.338327,24.016415,24.058771,1119700,49.256622,42.643017,26.220175,17.599520
2017-08-28,23.999471,24.397626,23.855457,24.270555,1163200,48.711487,42.518208,27.508444,17.922800
2017-08-29,24.151957,24.389157,23.889344,24.338327,714100,48.423344,42.666420,27.205320,17.851789
2017-08-30,24.312914,24.778840,24.312914,24.770369,743900,48.841496,42.658623,27.432671,17.736570
2017-08-31,24.846611,24.990625,24.668713,24.948269,1454900,49.474583,42.674217,27.622112,17.877300
2017-09-01,24.939796,25.295595,24.939796,24.999096,1305000,50.435936,42.877022,27.015869,17.809071
2017-09-04,24.939796,25.295595,24.939796,24.999096,0,50.435936,42.877022,27.015869,17.809071
2017-09-05,24.931327,24.990627,24.016416,24.168901,2249500,50.389050,42.939426,28.114691,17.885820
2017-09-06,24.287500,24.414571,24.024887,24.346800,1530500,50.764202,43.118813,28.114691,17.764999
2017-09-07,24.338327,24.685654,24.262085,24.592470,1192600,50.529736,43.181225,28.001026,17.651390
2017-09-08,24.575527,24.719541,24.338327,24.651770,839300,51.108112,42.970619,28.342030,17.707541
2017-09-11,24.677183,24.897440,23.169275,23.863930,2384500,51.194088,43.235821,28.986174,17.667250
2017-09-12,23.906284,24.617882,23.635200,24.558582,1506900,51.444195,43.329426,28.758827,17.725040
2017-09-13,24.507755,24.838139,24.473869,24.524698,770000,51.545803,43.352821,28.758827,17.761660
2017-09-14,24.423040,24.643297,24.279026,24.321383,898200,51.834980,43.267033,28.796721,17.668760
2017-09-15,24.389158,25.126169,24.312915,25.041454,1784900,52.264858,43.342381,29.857656,17.655069
2017-09-18,25.202410,25.227825,24.897439,25.024511,1090100,52.686932,43.405170,30.198664,17.738701
2017-09-19,24.922854,24.922854,24.118070,24.490812,1291000,51.749004,43.271744,30.009211,17.815990
2017-09-20,24.380685,24.812727,24.092658,24.592470,1506200,51.412933,42.855743,31.486933,17.797400
2017-09-21,24.507756,24.550112,23.838515,24.219728,1071500,51.061214,42.447586,31.183821,17.874689
2017-09-22,24.135015,24.550113,23.965588,24.287500,1245400,51.123745,42.321999,31.032249,17.737129
2017-09-25,24.355270,24.829668,24.228200,24.414570,2177100,51.311325,42.628109,30.918581,17.906601
2017-09-26,24.406099,24.626356,24.211257,24.363743,1256500,51.452007,42.730148,30.842800,17.948400
2017-09-27,24.338327,24.533168,24.084185,24.329855,1167300,51.725555,42.400497,30.918581,18.221100
2017-09-28,24.321383,24.372213,23.448830,24.067242,1618400,51.155006,42.400497,30.842800,18.144899
2017-09-29,24.389156,24.473868,23.813100,24.067242,1826900,55.062962,42.369087,31.145916,18.126400
2017-10-02,24.219727,25.143110,24.219727,25.117695,1746400,55.485004,42.290600,31.562721,18.245150
2017-10-03,25.083811,25.117695,24.346798,24.389156,1108000,55.758564,42.337696,32.964668,18.211109
2017-10-04,24.270557,25.405725,24.118072,25.219355,2259900,55.993038,42.471130,33.798256,18.264200
2017-10-05,25.304068,25.414195,24.634827,24.694126,1213500,55.547546,42.659508,32.926777,18.477800
2017-10-06,24.702598,24.922854,23.872401,24.355270,1608200,55.227089,42.235657,32.093185,18.477800
2017-10-09,24.363743,25.066869,24.363743,24.541641,1263500,55.211456,42.117924,32.358414,18.665689
2017-10-10,24.753426,24.812727,24.194314,24.482342,990500,54.797222,42.486828,32.055298,18.812380
2017-10-11,24.431514,24.677184,24.355271,24.600943,920000,54.742504,42.573166,31.676392,18.691420
2017-10-12,24.609411,24.888967,24.541640,24.846611,591800,55.336517,42.753704,31.524834,18.879980
2017-10-13,24.914382,24.948269,24.651769,24.668713,639000,54.875362,42.832184,31.297485,18.900000
2017-10-16,24.567055,24.855083,24.363742,24.846611,1471000,55.141113,42.847874,32.115917,19.042950
2017-10-17,24.846610,25.151580,24.744952,25.109222,1034300,55.445934,42.690907,32.017406,18.793949
2017-10-18,25.126167,25.897064,25.126167,25.897064,1590200,55.922699,42.635963,32.055298,18.881340
2017-10-19,25.897065,26.024136,25.371840,25.829294,1227700,55.813278,42.408337,31.790058,18.798901
2017-10-20,25.914008,26.303691,25.854708,26.295221,1080400,55.914879,42.306313,32.055298,18.980940
2017-10-23,26.405348,26.617133,26.058021,26.151207,778400,55.899246,42.274906,32.168972,19.062599
2017-10-24,26.261335,26.379934,25.871651,25.998722,657300,55.617893,42.125767,32.699436,19.234051
2017-10-25,26.015663,26.202035,25.541265,26.151207,708000,55.563164,42.008038,32.964668,19.095539
2017-10-26,26.261336,26.413821,25.964836,26.303692,509300,55.727295,42.039436,33.798256,19.178600
2017-10-27,26.244392,26.473120,25.905536,26.439234,670900,55.524078,41.678379,33.949814,19.125000
2017-10-30,26.481591,26.879746,26.303690,26.346048,762000,55.860176,41.325188,33.570908,19.226280
2017-10-31,26.473119,27.083059,26.473119,26.922104,766500,56.985668,41.670525,34.101376,19.171150
2017-11-01,27.057648,27.260961,26.651019,26.761148,781400,57.298302,41.803970,33.192005,19.115290
2017-11-02,26.651018,26.913633,26.591719,26.786562,975800,57.173256,41.701931,33.116234,18.982250
2017-11-03,26.676433,26.828918,26.312163,26.591719,1123700,56.899681,41.709778,33.646690,19.201771
2017-11-06,26.456176,26.532419,25.736107,25.854708,808000,56.415092,41.262383,33.025284,19.046450
2017-11-07,25.753051,25.930951,25.456552,25.803879,1508600,57.126354,41.725464,33.343571,19.133499
2017-11-08,27.413444,28.294471,26.701847,28.065742,1939700,57.837593,42.180714,33.836147,19.090401
2017-11-09,28.057270,28.870527,28.014914,28.734982,1338500,57.696899,42.172855,33.570908,19.025551
2017-11-10,28.777341,29.649894,28.768868,29.251738,931500,57.947018,42.604565,33.381462,19.101480
2017-11-13,29.277154,29.505883,28.531670,28.836641,1060700,59.080318,42.847874,33.381462,19.107000
2017-11-14,28.862054,29.090782,28.565556,29.006069,906700,59.455475,42.997009,33.570908,19.157490
2017-11-15,29.006070,29.429640,28.845112,28.921354,919200,59.564911,42.541775,33.457237,19.235950
2017-11-16,29.133139,29.692251,28.955240,29.632952,988500,60.385574,43.130455,34.745510,19.047951
2017-11-17,29.624482,29.904037,29.370338,29.658365,593500,60.940502,42.981312,34.859192,18.901880
2017-11-20,29.700723,30.175120,29.531295,30.039577,574300,61.714272,42.934231,35.730667,18.993851
2017-11-21,30.166649,30.310661,29.954864,30.166649,564600,61.792431,43.075512,36.185356,18.801500
2017-11-22,30.242892,30.242892,29.793906,29.912508,418700,62.237934,43.020569,35.844334,18.627100
2017-11-23,30.242892,30.242892,29.793906,29.912508,0,62.237934,43.020569,35.844334,18.627100
2017-11-24,30.022635,30.259836,29.751550,30.022635,316500,62.894478,42.989174,35.730667,18.536610
2017-11-27,30.014165,30.259836,29.743081,30.183594,711700,63.496296,43.012714,36.071678,18.562799
2017-11-28,30.209007,30.353022,29.912509,30.302193,722100,63.425980,43.365932,36.753712,18.533550
2017-11-29,30.293717,30.861302,30.200534,30.674931,869300,64.105942,43.593536,37.625191,18.551001
2017-11-30,30.954491,31.208633,30.530921,31.064617,845400,64.521698,43.993839,37.700966,18.648170
2017-12-01,31.132386,31.666085,30.598687,31.581369,1310800,64.631500,44.103729,37.549408,18.611719
2017-12-04,31.911756,32.521698,31.581372,31.810101,1852400,65.549339,44.519730,35.958012,18.610451
2017-12-05,31.877873,32.259087,31.471247,31.589846,1326100,65.384590,44.449089,35.389656,18.770149
2017-12-06,31.564428,31.987998,31.174745,31.979528,880800,65.337540,44.731644,34.366611,18.851200
2017-12-07,31.767744,31.827044,31.301818,31.572903,1149000,64.968849,44.299950,34.101376,18.952499
2017-12-08,31.581373,31.716915,31.174746,31.471247,727100,65.596405,44.417702,35.200203,18.907970
2017-12-11,31.386530,31.386530,29.743080,30.412321,1401500,64.796234,44.409847,34.215046,19.053450
2017-12-12,30.395378,30.446204,29.904035,30.115820,1111800,64.851166,44.417702,34.139259,19.169600
2017-12-13,30.081935,30.378436,29.514353,29.658365,1341900,64.874710,44.668858,33.911926,19.012650
2017-12-14,29.294097,29.370337,27.252487,27.667587,2369900,63.313633,44.472637,33.495129,19.113390
2017-12-15,27.786186,27.794659,27.066118,27.227074,1835100,63.760777,44.977139,33.570908,19.102800
2017-12-18,27.201661,28.082687,26.803504,27.904785,1471500,64.992371,44.953392,33.949814,19.057510
2017-12-19,27.472746,28.023389,27.227075,27.320261,1111500,63.902000,45.008762,33.078335,19.219351
2017-12-20,27.591343,27.769242,27.159303,27.455801,1158400,63.800003,44.929680,33.570908,19.223989
2017-12-21,27.515102,27.574402,26.557835,26.583248,1037300,63.666634,44.898048,33.305679,19.468691
2017-12-22,26.693377,26.735733,26.456177,26.617134,767600,63.243027,44.969223,33.267776,19.735889
2017-12-25,26.693377,26.735733,26.456177,26.617134,0,63.243027,44.969223,33.267776,19.735889
2017-12-26,26.651018,26.786562,26.540891,26.710320,651200,64.113770,45.072014,33.495129,19.875179
2017-12-27,26.811974,26.913632,26.490062,26.523947,795900,63.917667,45.064102,33.760368,19.707500
2017-12-28,26.523947,26.828917,26.523947,26.778090,568000,63.972572,44.992939,33.646690,19.695601
2017-12-29,26.930576,26.930576,26.303691,26.312162,765100,63.596031,44.985035,33.684578,19.655390
2018-01-01,26.930576,26.930576,26.303691,26.312162,0,63.596031,44.985035,33.684578,19.655390
2018-01-02,26.041079,26.108850,25.100753,25.566681,2427100,63.243027,44.708282,32.964668,19.497400
2018-01-03,25.583624,25.710694,24.651770,25.168524,2028800,62.529160,44.692459,32.926777,19.351101
2018-01-04,25.278652,25.431138,24.778840,24.965210,1282100,62.929253,44.818977,33.192005,19.306971
2018-01-05,24.922854,25.236297,24.744954,24.931326,1144100,63.407764,45.016674,30.918581,19.174000
2018-01-08,24.948269,25.719166,24.888968,25.583624,1815800,64.098091,45.127369,33.078335,19.192120
2018-01-09,25.583625,25.625981,25.321010,25.397253,1359000,64.529556,45.064102,33.192005,19.244680
2018-01-10,25.405723,25.600564,24.855082,25.354895,1823700,63.541145,44.842705,33.154110,19.263000
2018-01-11,25.405723,25.456551,24.914382,24.999096,1145200,62.725300,44.779446,34.442390,19.215370
2018-01-12,24.990626,25.304068,24.897440,25.151583,1033200,62.678219,44.795258,33.495129,19.033001
2018-01-15,24.990626,25.304068,24.897440,25.151583,0,62.678219,44.795258,33.495129,19.033001
2018-01-16,25.236296,25.744579,24.914382,25.202410,1347700,61.713345,45.000843,33.343571,18.752501
2018-01-17,25.304067,25.448081,24.897439,24.922853,967500,62.168339,45.514828,33.836147,18.716850
2018-01-18,24.855082,24.999096,24.541640,24.982153,978900,61.878090,45.380402,32.888893,18.586901
2018-01-19,25.210882,26.108850,25.210882,26.024136,1069600,62.905731,45.886478,32.699436,18.620541
2018-01-22,25.939424,26.473121,25.939424,26.447706,1138600,63.454849,46.234398,32.737320,18.707781
2018-01-23,26.447705,26.447705,25.998722,26.235920,811100,63.643116,46.084152,32.358414,18.673300
2018-01-24,26.193563,26.252863,25.634451,25.795408,761500,62.584087,46.179047,32.434200,18.535030
2018-01-25,25.871651,25.998721,25.397251,25.617508,548300,62.599777,46.202763,32.585758,18.609480
2018-01-26,25.693751,25.990251,25.321009,25.981779,584800,62.890018,46.424175,32.585758,18.476500
2018-01-29,25.930950,25.990250,24.838139,24.922853,820300,61.901608,46.242306,32.434200,18.597799
2018-01-30,24.778841,25.168524,24.456928,25.092283,864500,61.885929,45.933922,32.244747,18.765980
2018-01-31,25.117696,25.168524,23.440360,23.525074,2706000,59.705154,45.720421,32.244747,18.587099
2018-02-01,23.457302,23.889344,23.008318,23.779215,1509700,59.430576,45.522736,32.093185,18.333010
2018-02-02,23.728388,23.728388,23.042205,23.237047,1133600,58.434303,44.652931,31.183821,18.576599
2018-02-05,23.126918,23.381061,22.025637,22.067993,2827400,57.445885,43.031910,30.539677,18.815929
2018-02-06,21.602066,22.525448,21.271682,22.152706,2292300,58.198963,43.506355,30.615452,18.621300
2018-02-07,22.051049,22.305190,21.703722,21.720663,1347800,57.563549,43.316566,31.790058,18.778000
2018-02-08,21.890093,22.296720,21.297094,21.297094,853500,57.987164,42.383507,31.145916,18.869101
2018-02-09,21.263210,21.796908,20.627855,21.364866,1478700,58.732399,42.470497,31.145916,18.689699
2018-02-12,21.635951,21.779963,21.042953,21.432636,1367100,58.465687,42.905384,31.070141,18.588100
2018-02-13,21.415695,21.559709,21.119196,21.297094,800600,58.622589,43.103077,31.183821,18.634300
2018-02-14,21.263210,21.729136,21.127668,21.678308,1206600,59.493309,43.079346,31.941624,18.555099
2018-02-15,21.847739,23.186220,20.636328,22.449207,3081500,59.524708,43.791027,32.244747,18.502720
2018-02-16,22.330607,23.050675,21.737608,22.872776,1757600,59.626671,43.964985,32.320526,18.505100
2018-02-19,22.330607,23.050675,21.737608,22.872776,0,59.626671,43.964985,32.320526,18.505100
2018-02-20,22.533919,22.830419,22.152706,22.347548,1400400,59.720810,42.968651,32.434200,18.703400
2018-02-21,22.440734,22.762648,21.034482,21.059896,2066700,59.148151,42.454685,32.585758,18.838100
2018-02-22,21.051425,21.314038,20.602440,21.119196,1419500,58.591202,42.565376,32.320526,18.603901
2018-02-23,21.178496,21.390281,20.704098,21.186968,1028600,58.897133,42.976555,33.078335,18.520100
2018-02-26,21.254738,21.576650,21.093781,21.534294,746500,59.391342,43.245419,33.116234,18.663799
2018-02-27,21.534293,21.915507,21.347923,21.347923,1192200,58.489216,42.676083,32.850986,18.829000
2018-02-28,21.491937,21.830793,21.330980,21.347923,1192500,58.583721,42.233269,32.282639,18.825100
2018-03-01,21.364866,21.432637,20.932824,21.119196,1158400,57.827606,42.138382,32.282639,18.842970
2018-03-02,21.009068,21.280154,20.966712,21.271683,817500,58.008774,42.494213,32.964668,18.808310
2018-03-05,21.153081,21.153081,20.577027,20.585497,1318300,57.969372,42.865852,33.078335,18.784651
2018-03-06,20.568555,20.568555,19.941672,20.424541,1814800,58.323814,42.897488,33.608807,18.849951
2018-03-07,20.322884,20.704098,20.051800,20.585497,814700,58.701885,42.510033,33.608807,18.698299
2018-03-08,20.695627,20.865054,20.483842,20.517727,754400,59.048447,42.897488,33.154110,18.625000
2018-03-09,20.678683,21.042954,20.475370,20.966711,998200,59.615540,43.174259,33.419353,18.601000
2018-03-12,21.034483,21.500409,20.399128,20.416071,788700,59.284721,43.095169,33.608807,18.575899
2018-03-13,20.517726,20.856583,20.466898,20.763397,980800,59.560394,43.063545,33.684578,18.599581
2018-03-14,21.314039,21.932451,21.237797,21.830795,1572300,59.371357,42.628624,33.836147,18.572500
2018-03-15,21.847736,21.991748,21.026009,21.051424,2180000,58.071781,42.328156,33.419353,18.687300
2018-03-16,20.983654,21.652894,20.983654,21.542767,1497600,58.497108,42.343273,34.252937,18.674601
2018-03-19,21.585122,22.008692,21.500407,21.966335,1323300,58.386822,41.929771,34.366611,18.697300
2018-03-20,21.923978,21.940921,21.119196,21.322510,1130800,58.300198,41.810501,34.215046,18.743900
2018-03-21,21.254739,21.339453,20.881997,21.085310,979400,58.040272,41.293629,34.101376,18.443550
2018-03-22,21.026011,21.144610,20.399128,20.416071,1717300,57.260521,40.951694,33.684578,18.673941
2018-03-23,20.517728,20.848114,20.068745,20.111101,918000,56.346859,40.442787,34.063488,18.510099
2018-03-26,20.280528,21.042953,20.280528,21.000597,1110700,58.237183,41.023270,35.275978,18.327740
2018-03-27,20.992125,21.424167,20.848112,21.059896,1451600,58.308052,40.999424,34.745510,18.380520
2018-03-28,21.051426,21.525824,20.839641,21.093782,1847100,57.441681,41.563995,34.556068,18.321550
2018-03-29,21.364866,21.830794,20.839641,20.848112,2295400,57.646458,41.850262,33.116234,18.168200
2018-03-30,21.364866,21.830794,20.839641,20.848112,0,57.646458,41.850262,33.116234,18.168200
2018-04-02,20.805754,20.907411,20.221228,20.348299,1764200,54.062752,40.824474,32.813107,18.225500
2018-04-03,20.356769,20.771868,20.111098,20.433012,1052300,55.078785,41.365189,34.821289,18.223261
2018-04-04,20.322885,21.263210,20.195814,20.907412,1778400,56.346859,42.009304,36.336914,18.223261
2018-04-05,21.051425,21.051425,19.738357,19.890842,2131000,55.897938,42.112659,35.692772,18.099001
2018-04-06,19.848487,20.221229,19.797659,20.094156,1103000,55.220570,41.683262,35.389656,18.218201
2018-04-09,20.111100,20.221229,19.840015,20.077215,728700,55.346584,41.659416,35.086533,18.303440
2018-04-10,20.246642,20.407599,20.034857,20.373713,1604600,55.693138,41.754833,35.010746,18.331200
2018-04-11,20.187342,20.458427,19.814600,20.212757,1400000,55.701023,41.675320,35.351765,18.238600
2018-04-12,20.221230,20.348301,20.128044,20.229700,970800,55.252064,41.611698,35.389656,18.193600
2018-04-13,20.339829,20.492314,20.136515,20.221230,920900,55.267815,41.818455,36.374798,18.171200
2018-04-16,20.356771,20.585497,20.297470,20.390656,824900,56.149971,42.271706,36.640038,18.053030
2018-04-17,20.416071,20.433014,20.051801,20.102629,696800,56.275974,42.367119,37.473618,17.991899
2018-04-18,20.195814,20.238170,19.916258,19.958614,848700,56.000286,42.049057,37.549408,18.024401
2018-04-19,19.840013,19.967084,19.424915,19.501158,1299400,55.433228,40.832420,37.208393,18.075850
2018-04-20,19.407973,19.611286,19.018289,19.272430,901000,54.503826,40.148571,37.663082,18.446930
2018-04-23,19.263961,19.263961,19.043705,19.060648,853100,55.307194,40.100853,37.776752,18.520100
2018-04-24,19.153831,19.374088,19.069117,19.213131,1229900,55.425362,39.846405,37.700966,18.926701
2018-04-25,19.263960,19.696001,19.103003,19.340202,1370300,55.480480,39.917973,37.852528,18.811630
2018-04-26,19.475744,19.687528,19.128416,19.645172,833100,55.945187,40.156525,37.776752,18.846500
2018-04-27,19.679058,19.721416,18.840389,19.018290,1432800,56.197231,40.371216,37.132607,18.758301
2018-04-30,18.958990,19.052176,18.281278,18.298222,2307900,55.212700,40.116768,36.905270,18.636999
2018-05-01,18.306692,18.510005,18.103379,18.306692,1181400,54.787365,39.766888,36.033798,18.697100
2018-05-02,18.306693,18.526949,18.120321,18.154207,1631800,53.156971,38.987610,35.465431,18.935499
2018-05-03,18.044079,18.213507,17.281653,17.366367,2687900,52.022797,38.947853,34.897079,19.090799
2018-05-04,17.256239,17.857707,17.137638,17.713694,1389300,52.747425,39.512432,35.124413,19.045900
2018-05-07,17.671339,18.077966,17.578153,17.832294,1637500,52.944324,39.265923,35.768559,19.254499
2018-05-08,17.891593,18.010192,17.654394,17.925478,1838400,52.503254,39.106880,36.299019,19.425100
2018-05-09,17.984777,18.120320,17.874650,17.984777,1301800,52.983700,39.162552,36.261139,19.548599
2018-05-10,18.094907,18.543890,18.069492,18.247393,1539000,53.338127,39.393158,36.336914,19.567200
2018-05-11,19.103002,19.899314,18.205035,18.408348,2018700,53.755589,39.393158,36.223248,19.236900
2018-05-14,18.382935,18.611662,17.578152,17.620508,1681600,53.259373,39.377251,35.579105,19.342400
2018-05-15,17.586623,17.840764,17.290124,17.595095,1407200,52.991589,39.226170,35.882221,19.576599
2018-05-16,17.628980,18.052550,17.501909,17.917007,794200,53.999744,39.504471,36.185356,19.669399
2018-05-17,17.984779,18.238922,17.908536,18.238922,1233000,54.062752,39.639652,36.261139,19.562599
2018-05-18,18.188093,18.188093,17.561210,17.569681,1324000,53.487782,39.393158,36.033798,19.748699
2018-05-21,17.603566,17.789936,17.442609,17.612038,910500,53.472015,39.560139,35.882221,19.889851
2018-05-22,17.747580,17.866179,17.476494,17.518852,950700,53.464161,39.488567,35.806442,19.823601
2018-05-23,17.425666,17.781465,17.425666,17.654394,870100,54.385681,39.631706,35.844334,19.762440
2018-05-24,17.662865,17.866178,17.179995,17.840763,1093500,54.645607,39.599903,35.616985,19.634399
2018-05-25,17.874651,18.196563,17.400253,17.654394,1089900,54.811001,39.663517,35.616985,19.566401
2018-05-28,17.874651,18.196563,17.400253,17.654394,0,54.811001,39.663517,35.616985,19.566401
2018-05-29,17.628981,18.205036,17.527325,17.628981,1180000,55.441105,39.576046,36.261139,19.586050
2018-05-30,17.628978,17.662864,17.179995,17.222351,1162300,55.543499,40.132671,36.677933,19.839849
2018-05-31,17.179997,17.281653,16.417570,16.510756,2593600,53.368256,39.488567,36.412689,19.775200
2018-06-01,16.603940,16.807253,16.409098,16.493811,1178800,53.858665,39.488567,35.465431,19.903500
2018-06-04,16.519227,16.841139,16.383684,16.426041,1027200,54.262081,39.814602,35.162315,19.942419
2018-06-05,16.442985,16.731013,16.307443,16.654770,1071100,54.665497,39.631706,37.587288,20.063311
2018-06-06,16.697124,16.697124,16.375212,16.493811,1019300,53.945683,39.679428,36.677933,20.393900
2018-06-07,16.392156,17.002096,16.358270,16.900440,1387900,55.140087,39.925926,36.753712,20.293600
2018-06-08,16.968211,17.247767,16.807254,17.171524,866900,55.962708,40.418934,37.397842,20.417700
2018-06-11,17.222352,17.561208,17.146110,17.374838,1176200,56.943550,40.752911,37.700966,20.325800
2018-06-12,17.451081,17.484965,17.095282,17.315538,942600,56.540161,40.832420,37.359951,20.561501
2018-06-13,17.298595,17.645923,17.112225,17.535795,1772800,55.717503,40.705189,38.269318,20.692200
2018-06-14,17.552737,17.595095,17.154582,17.501909,1152700,56.152550,40.776764,38.382996,20.654301
2018-06-15,17.595095,18.001721,17.451081,17.993250,2017900,56.801159,41.300827,38.458771,20.838600
2018-06-18,17.722165,17.840764,16.502283,16.798782,3200700,56.160461,40.699848,38.382996,20.682819
2018-06-19,16.714068,17.290124,16.629354,17.256239,1518700,56.002262,40.916199,38.345104,20.549700
2018-06-20,17.332480,17.332480,17.095282,17.137638,766600,55.472298,40.956264,38.951344,20.510401
2018-06-21,17.146110,17.290124,16.841139,16.900440,525600,54.792042,41.036388,38.595181,20.359501
2018-06-22,16.959740,17.171525,16.527698,16.646297,3670400,54.879063,41.372967,38.913452,20.310301
2018-06-25,16.654768,17.044453,16.553112,16.790310,1517000,55.235004,41.581303,38.648228,20.030500
2018-06-26,16.756426,17.383309,16.527698,17.230824,1566500,55.741226,41.405006,39.065022,19.905800
2018-06-27,17.103753,17.281651,16.917381,16.993624,623200,54.799953,41.316872,39.065022,19.922590
2018-06-28,16.934325,17.374838,16.841139,17.179996,871800,54.784130,41.316872,35.238091,20.154751
2018-06-29,17.179995,17.307066,16.942796,17.052923,901900,54.459827,41.292828,34.745510,19.729300
2018-07-02,17.002096,17.078339,16.468399,16.527699,757900,52.537716,41.052425,35.124413,19.794300
2018-07-03,16.637826,16.934325,16.510755,16.603941,598100,52.862022,41.148586,34.821289,19.964001
2018-07-04,16.637826,16.934325,16.510755,16.603941,0,52.862022,41.148586,34.821289,19.964001
2018-07-05,16.705596,17.247767,16.612412,17.230824,1161000,53.225876,41.717541,35.048641,19.423901
2018-07-06,17.196936,17.493436,17.095280,17.222351,580300,53.004410,41.845745,35.654881,19.252529
2018-07-09,17.281652,17.493437,17.019039,17.078339,1019500,52.703827,41.685474,35.995899,19.061100
2018-07-10,17.019039,17.019039,16.680183,16.739483,1444400,52.735458,42.182308,35.579105,19.177700
2018-07-11,16.714068,16.858081,16.298969,16.358269,960700,52.205505,42.046078,35.351765,19.011900
2018-07-12,16.332856,16.400627,15.951643,16.087185,1226900,52.173855,41.989990,35.048641,19.058599
2018-07-13,15.968587,16.061771,15.799158,15.866929,1248100,52.442791,42.262440,34.631847,18.969690
2018-07-16,16.053299,16.570054,15.968585,16.256613,1746300,52.094761,42.062115,34.404495,18.902010
2018-07-17,16.256614,16.426041,15.900815,15.926229,1614900,51.857460,42.422703,34.745510,18.833000
2018-07-18,15.866929,15.968586,15.536545,15.536545,1458300,51.019016,42.078148,34.215046,18.884800
2018-07-19,15.511129,15.689030,15.468773,15.511129,1033300,51.335407,42.102165,34.556068,18.889400
2018-07-20,15.519602,15.621260,15.350175,15.494189,809000,50.718437,42.358601,34.821289,19.035530
2018-07-23,15.426415,15.553487,15.189217,15.299344,1709300,50.275482,42.094162,34.063488,19.021061
2018-07-24,15.299345,15.502659,15.053675,15.121447,1572300,49.911633,42.174301,34.101376,18.902399
2018-07-25,15.121445,15.324759,14.901189,15.299344,1382800,49.531948,42.494831,34.215046,18.854700
2018-07-26,15.316288,15.612787,15.231573,15.350174,1036200,50.394123,42.719208,34.177158,18.655199
2018-07-27,15.324760,15.578902,15.324760,15.434888,740200,50.275482,42.775295,34.101376,18.632401
2018-07-30,14.994376,15.367116,14.943546,15.206161,1233100,46.447079,42.727222,33.874043,18.606701
2018-07-31,15.231573,15.350174,14.994375,15.096031,1532900,45.600708,42.927547,34.101376,18.530581
2018-08-01,15.036732,15.112975,14.892718,14.943546,1926100,45.561161,42.566948,33.722473,18.664890
2018-08-02,14.401377,14.858833,13.808379,14.850362,2645800,45.521610,42.999668,33.533028,18.590099
2018-08-03,14.867303,15.519601,14.867303,15.417945,1568400,45.679821,43.504513,34.068501,18.634001
2018-08-06,15.417945,15.705973,15.223102,15.273932,1787900,47.174778,43.544575,34.755974,18.568649
2018-08-07,15.341702,15.494188,15.087559,15.350174,1152300,47.364632,43.280140,35.405251,18.526590
2018-08-08,15.409474,15.434888,14.748705,14.765648,897600,47.103603,42.951591,35.634422,18.443300
2018-08-09,14.867304,14.977433,14.680933,14.782591,909500,47.222244,42.823383,35.825405,18.457600
2018-08-10,14.943546,15.070618,14.782590,14.994375,1130700,47.601933,42.663113,36.780212,18.721500
2018-08-13,15.019790,15.079089,14.765648,14.918134,707600,47.364632,42.663113,36.742027,19.067699
2018-08-14,14.867304,15.189218,14.791061,14.892718,879500,47.127335,42.959599,37.948933,19.130699
2018-08-15,14.850362,15.036732,14.816475,15.019789,658800,47.459541,43.135895,37.505894,18.879801
2018-08-16,15.053675,15.443359,15.053675,15.324759,913200,48.218895,43.752934,37.964218,19.184000
2018-08-17,15.299345,15.756801,15.231574,15.663615,1069000,49.357925,44.089485,37.887825,19.007500
2018-08-20,15.663616,15.833045,15.578902,15.672088,838700,50.148922,44.065453,37.849636,18.878201
2018-08-21,15.646672,15.705973,15.367116,15.443358,1005500,49.761330,43.752934,38.193378,19.003540
2018-08-22,15.401002,15.561959,15.231574,15.545016,938700,49.437035,43.480469,38.116985,18.943769
2018-08-23,15.401002,15.714443,15.011317,15.350174,1032400,49.516125,43.376293,38.269760,18.767349
2018-08-24,15.392531,16.070243,15.112975,15.629731,1535900,49.927437,43.320206,38.269760,19.006201
2018-08-27,15.689031,15.943172,15.451831,15.460302,837000,49.705971,43.344254,38.155182,18.767599
2018-08-28,15.443358,15.697501,15.434886,15.587372,749200,49.405392,43.200001,37.276733,18.800150
2018-08-29,15.595845,15.934701,15.485718,15.841516,1075900,49.887894,43.248096,37.276733,19.065950
2018-08-30,15.833044,16.019414,15.468774,15.604316,965100,49.713039,43.111851,37.085766,18.926300
2018-08-31,15.663615,15.917758,15.604316,15.663615,1146600,49.919678,43.095829,37.773247,19.099840
2018-09-03,15.663615,15.917758,15.604316,15.663615,0,49.919678,43.095829,37.773247,19.099840
2018-09-04,15.672086,15.883871,15.443358,15.765272,989800,49.871998,43.039738,37.735050,19.184601
2018-09-05,15.731386,15.883871,15.477245,15.799157,1281300,49.673313,43.536568,37.735050,19.368099
2018-09-06,15.807628,16.214255,15.807628,16.002470,1200500,50.134277,43.656765,37.544090,19.336901
2018-09-07,15.985529,15.985529,15.689030,15.909286,727700,50.285282,43.568619,37.773247,19.232531
2018-09-10,15.960115,16.205785,15.849986,15.985530,549000,50.380650,43.720875,38.575306,19.313900
2018-09-11,15.968587,16.002472,15.587374,15.875401,830300,50.491924,43.560612,38.651699,19.265699
2018-09-12,15.900815,16.188842,15.722914,16.146484,850400,50.642925,44.065453,39.300987,19.201820
2018-09-13,16.586998,16.586998,15.705974,15.866929,1148300,50.468075,44.001335,38.116985,19.027100
2018-09-14,15.926230,16.112601,15.672088,16.044830,583100,50.388603,43.881134,38.842663,18.830099
2018-09-17,15.977056,16.239669,15.892342,16.112598,969700,50.118370,44.041409,38.919052,18.875000
2018-09-18,16.087184,16.087184,15.578900,15.943171,1001200,49.569992,43.857101,38.498928,18.919540
2018-09-19,15.943172,16.087186,15.655145,15.722916,729300,48.926216,43.776974,37.696861,18.788300
2018-09-20,15.841516,16.129544,15.841516,15.985530,497300,49.522301,44.329887,38.269760,18.755699
2018-09-21,15.883871,15.977057,15.604315,15.765272,1552900,48.671906,44.400906,37.849636,18.835899
2018-09-24,15.680559,16.061771,15.672087,15.892344,848100,48.473198,43.723034,37.505894,18.844170
2018-09-25,15.900814,15.993998,15.282402,15.299344,1224400,48.107605,43.464790,37.429508,18.965870
2018-09-26,15.307816,15.477245,15.079088,15.087560,934400,47.495625,43.513206,36.703831,18.975300
2018-09-27,15.273932,15.316288,14.841890,15.189218,1060800,47.519478,43.456715,36.321907,18.848980
2018-09-28,15.155331,15.434887,14.926604,15.324759,719600,47.312836,43.521282,36.894791,18.786600
2018-10-01,15.307816,15.350174,14.672461,14.731761,1167600,46.772373,43.489002,34.374043,18.674419
2018-10-02,14.808004,15.316288,14.791061,15.129918,1015300,46.915443,43.739166,33.350452,18.707899
2018-10-03,15.121447,15.392531,15.002846,15.223103,1300100,46.994923,43.271122,33.831696,18.787100
2018-10-04,15.231574,15.240045,14.824947,14.960489,920400,47.686367,43.166206,33.801144,19.032499
2018-10-05,14.960489,15.155331,14.960489,15.053675,570600,48.918270,43.125851,33.900444,19.103100
2018-10-08,15.045204,15.426416,15.045204,15.240046,1205400,50.293243,43.723034,34.205994,18.765190
2018-10-09,15.146859,15.180746,14.672462,14.723289,893500,49.935585,43.626194,34.381672,18.943359
2018-10-10,14.714819,15.062146,14.570805,14.587747,968500,48.695732,43.101639,34.419872,18.991659
2018-10-11,14.621634,14.680933,14.130293,14.308191,1081100,47.869167,42.036415,34.267097,19.163771
2018-10-12,14.316663,14.443733,13.977807,14.367491,973800,47.916855,42.270428,34.771248,18.975969
2018-10-15,14.375962,15.002846,14.375962,14.841890,796700,48.560612,42.528667,35.389996,18.867001
2018-10-16,14.935074,15.358644,14.824947,15.214630,763700,49.299759,43.004799,36.016354,18.820101
2018-10-17,15.155331,15.358645,14.918133,15.231574,500200,49.252079,43.206551,35.962891,18.752090
2018-10-18,15.138389,15.401002,14.765647,14.791060,531600,49.601784,43.150059,35.939964,18.865601
2018-10-19,14.833419,15.197689,14.824947,15.062147,752700,49.617672,44.134602,36.558693,19.140499
2018-10-22,15.053675,15.223102,14.943546,14.960489,714000,49.140804,43.803722,36.703831,19.280199
2018-10-23,14.901190,15.079089,14.672462,14.977433,940800,49.395142,43.997402,36.505230,19.392500
2018-10-24,15.045204,15.180746,14.824947,14.841890,814400,49.045433,44.183022,36.467030,19.288971
2018-10-25,14.799532,14.892718,14.689404,14.808003,1148700,49.021599,44.287937,37.345482,19.597570
2018-10-26,14.731761,14.875775,14.350549,14.689404,752800,48.059933,43.440582,36.130932,19.481770
2018-10-29,14.808004,15.333231,14.503035,14.723289,1498600,48.926216,43.940914,36.192032,19.369801
2018-10-30,14.765647,15.265460,14.663990,15.214630,956300,49.355381,44.812458,37.420246,20.052900
2018-10-31,15.146859,15.256989,14.553863,14.960489,1456900,47.622799,44.392838,37.244240,20.061600
2018-11-01,13.596594,16.095657,13.562709,16.070242,2589100,49.562023,44.707561,36.976410,20.315090
2018-11-02,15.985530,16.138014,15.358645,15.866929,2118300,48.926216,44.473530,37.198330,20.161800
2018-11-05,15.866929,16.476870,15.663615,16.307442,1551600,49.307697,45.030361,37.848785,20.010500
2018-11-06,16.231199,16.586998,16.197314,16.544641,1202200,49.291821,45.304737,38.024796,19.868601
2018-11-07,16.578525,16.663239,16.298969,16.493811,1345500,49.307697,45.562969,38.346199,19.706600
2018-11-08,16.409101,16.637827,16.324386,16.400629,1041800,48.878529,45.587181,38.170197,19.860399
2018-11-09,16.366740,16.527697,16.222727,16.358269,1130500,49.339500,45.853504,37.940617,20.164301
2018-11-12,16.298971,16.570056,16.214257,16.417570,870500,48.965958,45.611401,38.063061,20.101101
2018-11-13,16.366741,16.697125,16.104129,16.129543,1428000,46.231949,45.506485,37.841129,20.352819
2018-11-14,16.205784,16.553113,16.188843,16.349798,1161800,46.700848,45.199825,37.489128,20.455500
2018-11-15,16.307442,16.383685,16.171900,16.290499,1161600,46.915443,45.127197,37.734001,20.388700
2018-11-16,16.231199,16.578526,16.197314,16.561583,1150800,47.861233,45.240185,38.147232,20.246590
2018-11-19,16.476872,16.985155,16.392158,16.781841,1665000,47.225410,45.167553,38.330887,20.139900
2018-11-20,16.756426,17.044454,16.544641,16.798782,1221100,46.748539,44.417038,37.986534,20.367901
2018-11-21,16.866554,17.129166,16.705597,16.739483,787200,46.820061,44.061974,36.662674,20.367399
2018-11-22,16.866554,17.129166,16.705597,16.739483,0,46.820061,44.061974,36.662674,20.367399
2018-11-23,16.781841,17.019040,16.595470,16.891970,348800,46.804180,44.215294,35.996899,20.291500
2018-11-26,16.959740,17.103754,16.671712,16.900440,651700,47.257195,44.271793,35.797947,20.404200
2018-11-27,16.891969,16.976684,16.697126,16.849611,651500,46.367058,44.667221,35.966286,20.593700
2018-11-28,16.858081,16.908909,16.553112,16.731010,650400,45.294106,45.038433,36.073433,20.455400
2018-11-29,16.697124,16.841138,16.544641,16.697124,815800,46.178154,45.111057,35.514805,20.273600
2018-11-30,16.731012,17.052925,16.680184,16.807255,1308100,47.162201,45.401566,35.752037,20.224800
2018-12-03,16.858083,17.019040,16.671713,16.747955,699300,48.218254,45.441933,35.598980,20.160700
2018-12-04,16.714068,16.858082,15.333231,15.426415,1862200,46.594162,44.675285,35.025051,20.334150
2018-12-05,16.714068,16.858082,15.333231,15.426415,0,46.594162,44.675285,35.025051,20.334150
2018-12-06,15.350174,15.375587,14.672462,14.968961,1660700,46.322159,44.723701,34.068501,20.508200
2018-12-07,14.926604,15.104502,14.409848,14.528447,1218800,44.970097,44.158810,33.410393,20.333599
2018-12-10,14.562333,14.647048,14.037106,14.189591,1169600,44.330059,44.158810,33.425694,20.274200
2018-12-11,14.291249,14.553862,14.070992,14.189591,627800,44.642082,44.521950,33.601696,20.315100
2018-12-12,14.299719,14.519976,14.299719,14.409848,1391600,44.546078,44.465462,34.504677,20.179319
2018-12-13,14.418320,14.579275,14.375962,14.401377,465900,44.866085,44.739849,34.856697,20.051901
2018-12-14,14.299720,14.503035,14.257363,14.367491,813000,44.242058,43.981262,34.512337,20.272699
2018-12-17,14.359021,14.401377,13.638951,13.740607,1180000,42.777977,42.964455,34.022579,20.140100
2018-12-18,13.706723,13.876150,13.554237,13.605065,1395900,41.905960,42.456047,33.701187,20.069700
2018-12-19,13.664365,14.003222,13.376338,13.435637,1030500,42.137955,42.044468,33.517525,20.056240
2018-12-20,13.427166,13.774494,13.317038,13.579652,1477200,42.673985,41.293961,32.576283,20.085199
2018-12-21,13.638952,13.918508,13.257739,13.283154,1639000,41.385929,40.865601,32.193661,19.868151
2018-12-24,13.198439,13.232324,12.783340,12.851111,707400,40.601883,39.684746,31.290668,19.920771
2018-12-25,13.198439,13.232324,12.783340,12.851111,0,40.601883,39.684746,31.290668,19.920771
2018-12-26,12.884997,13.147611,12.563084,13.147611,715600,41.649940,40.792309,32.308441,19.957729
2018-12-27,13.062896,13.257738,12.783340,13.206910,771400,41.993965,41.183201,32.140091,19.893299
2018-12-28,13.223853,13.410223,13.045953,13.206910,939600,41.873962,41.183201,32.063572,19.682400
2018-12-31,13.283152,13.401751,12.851111,13.139138,740800,42.721992,41.354237,32.369663,19.645370
2019-01-01,13.283152,13.401751,12.851111,13.139138,0,42.721992,41.354237,32.369663,19.645370
2019-01-02,13.012067,13.317038,12.927354,13.037482,785100,42.681980,41.109928,32.461502,19.628300
2019-01-03,12.978182,13.638951,12.910411,13.274681,1219700,43.594032,40.873749,32.239574,19.607700
2019-01-04,13.342452,13.588123,13.223852,13.401752,1687400,44.130058,41.745125,33.349167,19.604500
2019-01-07,13.418695,14.070993,13.401752,13.952393,895000,44.842094,41.688126,31.826336,19.381901
2019-01-08,14.070994,14.375963,14.070994,14.359021,1015700,46.042137,42.070885,32.010006,19.364620
2019-01-09,14.350549,14.613162,14.291249,14.443733,805400,45.242107,41.679996,32.032955,19.327900
2019-01-10,14.409848,14.850361,14.308191,14.587747,690200,46.050144,41.924313,32.094177,19.205900
2019-01-11,14.579277,14.943547,14.519977,14.858834,598700,46.266148,42.046459,32.369663,19.130751
2019-01-14,14.808004,15.062147,14.697876,14.952018,852700,46.218151,41.842857,32.063572,19.138901
2019-01-15,14.926605,15.180746,14.875775,15.121447,1365500,46.874176,42.258190,32.660458,18.973600
2019-01-16,15.104503,15.384059,15.053675,15.189218,937800,46.802177,42.030170,33.425694,18.971519
2019-01-17,15.189218,15.223102,14.926605,15.138390,986400,47.514206,42.209339,33.578747,18.881100
2019-01-18,15.384059,16.341328,15.341703,16.231199,1633900,48.770267,42.714249,33.081337,18.995399
2019-01-21,15.384059,16.341328,15.341703,16.231199,0,48.770267,42.714249,33.081337,18.995399
2019-01-22,16.154955,16.688654,16.070241,16.315912,1743800,48.058239,42.323338,33.134907,19.147200
2019-01-23,16.375214,16.392157,15.756803,16.104130,1098900,48.402252,42.828266,33.127258,19.152399
2019-01-24,16.061771,16.256615,15.985530,16.078714,598200,48.074245,42.298916,32.446182,19.022499
2019-01-25,16.163429,16.315914,15.977058,16.036358,518300,48.578262,42.127895,31.941133,19.013300
2019-01-28,16.036357,16.561583,15.943171,16.426041,1046200,49.442299,42.307056,32.140091,18.988850
2019-01-29,16.442985,16.739484,16.375214,16.714069,584000,49.426296,42.404785,32.246838,19.037550
2019-01-30,16.722540,16.900440,16.536170,16.620884,439700,49.730320,42.689816,32.569386,19.090860
2019-01-31,16.654767,17.222351,16.654767,17.163052,1130600,49.538303,43.479771,32.392754,19.105280
2019-02-01,17.129165,17.213880,16.934324,17.044453,869600,49.538303,43.341324,32.799770,19.093100
2019-02-04,17.044454,17.146110,16.747954,17.095282,645600,49.426296,43.618214,33.168396,19.087000
2019-02-05,17.095283,17.179997,16.951269,17.146111,684200,49.354294,43.626362,33.805813,19.095100
2019-02-06,17.112225,17.171525,16.968211,17.061396,607900,48.722271,43.634510,33.897968,19.024401
2019-02-07,16.815727,17.035983,16.349799,17.010569,1048200,48.098240,43.601933,33.721325,19.109200
2019-02-08,16.925854,17.154582,16.553114,17.146111,1078400,47.434208,43.805523,33.345032,19.074181
2019-02-11,17.154582,17.307067,17.002096,17.281652,1285200,47.546215,43.919525,33.490948,19.072371
2019-02-12,17.366368,17.798409,17.281653,17.586624,966000,49.106285,44.261574,34.174427,19.288401
2019-02-13,17.501910,17.730638,17.112226,17.307068,1573100,48.554268,44.343010,33.874924,19.242701
2019-02-14,16.908911,17.408723,16.400628,16.510756,2748800,48.946274,43.846241,33.414143,19.413799
2019-02-15,16.527698,17.222353,16.527698,17.019039,1554500,50.090321,44.261574,33.775089,19.258459
2019-02-18,16.527698,17.222353,16.527698,17.019039,0,50.090321,44.261574,33.775089,19.258459
2019-02-19,16.985155,17.027513,16.637827,16.841141,1410400,50.354340,44.489605,33.859562,19.243200
2019-02-20,16.891970,17.324011,16.849612,17.247768,1466400,50.882366,44.408165,34.159069,19.141100
2019-02-21,17.213882,17.222353,16.925854,17.205410,853900,50.450340,44.538452,34.512333,19.218170
2019-02-22,17.035983,17.154582,16.764899,17.010569,642700,50.658360,44.326717,34.274265,19.274200
2019-02-25,17.002096,17.095282,16.815726,16.942797,878800,49.858322,44.082417,33.805813,19.128599
2019-02-26,16.968212,17.264710,16.714069,16.747955,999500,49.418301,44.106831,33.414143,19.121000
2019-02-27,16.688654,16.739482,16.383683,16.671711,895200,49.322292,44.041695,33.759727,19.185011
2019-02-28,16.688657,16.781841,16.442986,16.663242,799900,49.632195,44.253433,33.867249,19.164490
2019-03-01,16.747954,16.900439,16.544640,16.790310,831500,50.058800,44.171997,34.013165,19.262699
2019-03-04,16.790310,16.866553,16.502282,16.731010,512100,50.115154,44.098694,33.782764,19.265200
2019-03-05,16.434512,17.027510,16.434512,16.858082,761600,51.491589,44.066120,33.798119,19.293421
2019-03-06,16.849610,16.942796,16.612412,16.756426,594700,51.145470,44.000973,33.767410,19.257401
2019-03-07,16.739484,17.069868,16.705598,16.891970,1172900,51.604286,43.715935,33.798119,19.349199
2019-03-08,16.875025,17.307066,16.731011,16.858082,831800,50.533718,43.740379,33.529343,19.552799
2019-03-11,16.858082,17.383310,16.815726,17.357895,1638700,51.692825,44.310440,34.043880,19.483200
2019-03-12,17.366366,17.484965,17.179996,17.315538,1172600,51.362801,44.326717,33.659893,19.391270
2019-03-13,17.357895,17.849236,17.349423,17.671337,1222800,51.869907,44.579185,34.059235,19.330400
2019-03-14,17.671337,17.722165,17.501909,17.696751,842600,52.224068,44.538452,33.897968,19.290051
2019-03-15,17.747581,18.044078,17.645923,17.739109,1056100,52.497757,44.790665,34.036194,19.298599
2019-03-18,17.637452,17.849237,17.586624,17.688280,1090900,52.586296,44.856167,34.143707,19.203400
2019-03-19,17.747579,17.764521,17.484965,17.527323,754500,52.940475,44.823421,33.897968,19.056379
2019-03-20,17.527324,17.620508,17.298596,17.459553,1131100,52.224068,44.635090,33.583096,18.994499
2019-03-21,17.476495,18.103380,17.476495,18.061022,867600,53.544174,45.159153,34.082275,18.799000
2019-03-22,17.781465,18.365992,17.781465,18.171150,874700,53.616619,45.101833,33.652218,18.850000
2019-03-25,18.120321,18.442235,17.976307,18.374464,821200,54.300797,45.191891,33.782764,19.116650
2019-03-26,18.425292,18.535420,18.306693,18.357521,1162200,54.614723,45.576759,33.967087,19.015600
2019-03-27,18.374463,18.476118,18.094906,18.340576,582500,54.735474,45.421177,34.159069,19.088100
2019-03-28,18.315164,18.704848,18.315164,18.687904,601100,55.451866,45.642265,34.658249,19.363850
2019-03-29,18.721791,18.908161,18.569305,18.882748,836400,55.886513,45.945232,34.274265,19.345301
2019-04-01,18.899689,19.077589,18.526949,18.721790,1327300,56.103859,45.789658,33.229836,19.329399
2019-04-02,18.738733,18.738733,18.111848,18.205034,1066600,55.749672,45.412971,32.254517,19.159300
2019-04-03,18.154207,18.196564,17.933951,18.077965,1678400,55.484062,45.191891,32.062534,19.216101
2019-04-04,18.128793,18.433764,18.018665,18.357521,863700,56.369457,45.363853,32.193081,19.217670
2019-04-05,18.315165,18.628606,18.315165,18.560835,956300,56.184341,45.519428,32.285236,19.146799
2019-04-08,18.586248,18.789561,18.408348,18.543890,664400,56.699497,45.707771,32.653866,19.061300
2019-04-09,18.518476,18.526948,18.196562,18.281277,364200,55.999210,45.650452,32.538673,18.983900
2019-04-10,18.340579,18.984405,18.340579,18.942049,893100,56.868534,45.781464,33.153038,18.913820
2019-04-11,19.043704,19.348675,19.035232,19.306318,647700,57.287098,45.871540,32.523304,18.806400
2019-04-12,19.357146,19.738358,19.272431,19.679058,1069500,57.021469,46.018929,31.947336,18.816900
2019-04-15,19.662114,20.119571,19.501159,20.068743,858600,57.480289,46.289146,32.131653,18.757580
2019-04-16,20.119571,20.746455,20.119571,20.670212,1629600,58.003494,46.297344,32.108608,18.859301
2019-04-17,20.704098,21.830794,20.704098,21.813850,1885800,58.985519,46.526604,31.970369,18.865801
2019-04-18,21.830794,22.118821,21.602065,21.873150,1168000,59.154526,46.567558,31.555670,18.802000
2019-04-19,21.830794,22.118821,21.602065,21.873150,0,59.154526,46.567558,31.555670,18.802000
2019-04-22,21.932450,21.932450,21.432637,21.619009,849200,58.639404,46.583927,31.164011,18.767700
2019-04-23,21.712193,22.618634,21.635952,22.127293,1353400,59.927311,46.436539,31.386715,18.826099
2019-04-24,22.152706,22.686405,22.152706,22.627104,909300,59.371876,46.534794,31.978050,18.903400
2019-04-25,22.559334,22.838890,22.389907,22.559334,969200,59.259197,46.240013,31.486557,19.068300
2019-04-26,22.508504,22.889718,22.389905,22.720289,938000,59.693871,46.657635,31.801422,19.022680
2019-04-29,22.821947,22.923603,22.652518,22.779589,908700,59.726059,46.714939,32.031811,18.928600
2019-04-30,22.830420,23.033733,22.703348,22.796534,1021000,60.378059,47.255383,31.778263,18.998400
2019-05-01,22.949019,23.042205,22.720291,22.754177,890000,60.209026,46.674004,31.925137,18.938150
2019-05-02,22.228948,23.762270,22.220476,23.211630,1529100,60.466599,46.657635,32.211143,18.982700
2019-05-03,23.465774,23.923229,23.296346,23.702972,1157900,60.442451,47.009727,32.790905,19.113199
2019-05-06,23.474244,24.380685,23.101504,24.355270,1333100,62.020107,46.936028,33.115566,19.057899
2019-05-07,24.312914,24.439984,23.575901,23.897814,1179000,61.859127,46.469284,32.875931,18.992599
2019-05-08,23.974056,24.067242,23.711443,23.813101,951300,62.374256,46.461121,32.976425,19.039940
2019-05-09,23.601316,23.686028,23.169274,23.635201,788300,62.736504,46.362843,32.806355,19.070700
2019-05-10,23.609789,24.024887,23.262460,23.991001,782100,64.241730,46.927841,33.277889,19.225519
2019-05-13,23.804628,23.906284,23.296344,23.448830,889300,64.048561,46.485668,33.710777,19.122900
2019-05-14,23.525074,23.974057,23.355646,23.863930,831400,65.658417,46.706757,32.953236,19.206699
2019-05-15,23.787687,24.168901,23.753803,24.084187,513200,66.197716,47.075237,33.092377,19.143400
2019-05-16,24.202784,24.838138,24.067241,24.558582,1028300,66.487488,47.443710,33.432495,19.060801
2019-05-17,24.439985,24.728013,24.075715,24.143486,982000,66.398949,47.288139,33.076912,19.099199
2019-05-20,24.245142,24.245142,23.830043,23.855457,709500,65.899887,47.173500,32.891399,19.130600
2019-05-21,23.872401,23.940172,23.169275,23.203159,1682300,64.885681,47.075237,32.265263,19.046301
2019-05-22,23.652143,24.058770,23.364116,23.711443,2111600,65.408890,47.288139,31.005260,19.046301
2019-05-23,23.525074,23.940172,23.279402,23.702972,1362100,65.771111,47.271755,30.301823,18.982800
2019-05-24,23.677559,23.830043,23.414945,23.601316,812000,65.569893,47.099804,30.603292,19.030800
2019-05-27,23.677559,23.830043,23.414945,23.601316,0,65.569893,47.099804,30.603292,19.030800
2019-05-28,23.516603,23.686030,22.771119,22.796534,1411000,64.644211,46.330093,30.587837,19.052999
2019-05-29,22.398378,22.525449,21.203911,21.466524,3285400,61.400314,45.994354,29.335564,19.183210
2019-05-30,21.551238,22.093407,21.508880,22.034107,1322200,62.075764,46.190887,28.949064,19.135481
2019-05-31,21.796906,21.796906,21.390279,21.661364,1266500,61.388180,45.535809,28.616669,19.525040
2019-06-03,21.542766,21.932450,21.398752,21.500408,1560800,63.143524,46.109009,28.910416,19.614799
2019-06-04,21.720665,21.839266,21.542766,21.678308,1680500,64.170845,46.526604,29.783911,19.803310
2019-06-05,21.813850,22.466149,21.737608,22.212006,1102000,65.206230,47.058865,29.838022,19.566851
2019-06-06,22.288249,22.601691,22.237421,22.491562,1104900,66.168846,47.550156,30.286362,19.749241
2019-06-07,22.669461,23.076088,22.610162,22.898190,991800,66.694618,48.008720,30.587837,19.674280
2019-06-10,22.932074,23.152331,22.838888,22.898190,761600,66.726990,48.025097,30.974339,19.279100
2019-06-11,23.033732,23.253988,22.788060,22.898190,1036700,66.581367,48.180679,31.824642,19.204439
2019-06-12,22.881248,23.025262,22.644048,22.813477,982900,66.241623,48.254368,31.469067,19.106100
2019-06-13,22.813476,22.923603,22.457677,22.567804,1428200,66.759346,48.360813,31.670053,19.159800
2019-06-14,22.542390,22.584746,22.262834,22.279776,668600,66.257851,48.385387,31.499975,19.181101
2019-06-17,22.237421,22.237421,21.246267,21.424168,2288000,63.523716,48.246166,31.623663,19.131399
2019-06-18,21.195438,21.957864,21.195438,21.669836,1684600,62.431690,47.984146,31.538631,19.166201
2019-06-19,21.602065,21.695251,21.076838,21.415695,1260100,62.900833,48.180679,31.731886,19.122841
2019-06-20,21.542766,22.025636,21.458052,21.779964,633500,63.604595,48.606472,31.530903,19.007401
2019-06-21,21.720665,21.932450,21.441109,21.542767,879300,64.138489,48.448883,31.175314,18.988899
2019-06-24,21.500407,21.839264,21.415694,21.602064,942300,65.376106,48.572636,31.144400,19.099070
2019-06-25,21.695253,21.864680,20.721040,21.330982,1251400,64.688538,48.547890,31.314461,19.194901
2019-06-26,21.297094,21.297094,20.593968,20.678682,928700,64.324516,47.854813,31.422688,19.218000
2019-06-27,20.721041,21.153082,20.593970,20.958241,784600,64.429695,47.945572,32.203423,19.136700
2019-06-28,21.051426,21.542767,20.966712,21.508881,1138200,65.311386,47.912567,32.249802,19.172850
2019-07-01,21.669837,22.339078,21.669837,22.254364,1254200,65.489342,48.201351,32.342564,19.136999
2019-07-02,22.279777,22.601691,22.245892,22.550863,852700,65.748207,48.622143,32.613113,19.099899
2019-07-03,22.660990,23.033732,22.584748,22.864304,2098200,66.460037,49.224445,33.200596,19.044001
2019-07-04,22.660990,23.033732,22.584748,22.864304,0,66.460037,49.224445,33.200596,19.044001
2019-07-05,22.610162,22.762647,22.356019,22.644047,1008600,66.840240,49.009933,33.123295,19.003839
2019-07-08,22.567803,22.694876,22.203533,22.398376,507700,66.265892,49.075951,32.427586,18.994900
2019-07-09,22.389906,22.525448,22.347548,22.432262,657600,66.451958,48.787159,31.492252,18.933290
2019-07-10,22.491561,22.906661,22.491561,22.779589,719300,66.354889,49.100693,30.819740,19.160460
2019-07-11,22.838889,23.033732,22.296720,22.347548,775900,65.869537,49.224445,30.456427,19.128500
2019-07-12,22.296721,22.516978,22.067993,22.500034,681600,65.829086,49.364731,30.556913,19.067289
2019-07-15,22.610163,22.610163,22.245893,22.474621,605500,66.128403,49.480228,30.773357,18.987591
2019-07-16,22.474621,22.491562,21.949393,22.000221,500000,64.009048,49.496723,30.920229,18.966000
2019-07-17,22.084935,22.347547,21.923978,22.245892,520900,64.017151,49.438988,30.410042,19.089600
2019-07-18,22.381434,22.838888,22.220477,22.720289,692700,65.489342,49.769009,30.224524,19.057899
2019-07-19,22.660990,22.838889,22.228949,22.228949,605800,65.359932,49.455486,30.440966,18.956699
2019-07-22,22.212006,22.754176,21.949393,22.491562,941900,65.788651,49.166698,30.178148,19.012600
2019-07-23,22.660990,23.118446,22.576275,22.957489,963900,66.354889,49.521488,30.525997,19.039200
2019-07-24,22.838888,22.974431,22.728760,22.889717,991600,65.554092,49.191456,30.340475,19.168400
2019-07-25,22.906662,23.431887,22.838889,23.042204,697100,66.063667,49.257462,30.031275,19.058399
2019-07-26,23.186218,23.237046,22.932075,22.991375,683000,65.505531,49.810265,30.193605,19.026199
2019-07-29,22.932074,23.143859,22.788060,23.016788,793300,65.723946,49.901024,30.263172,19.030960
2019-07-30,23.126916,23.237045,22.627103,23.135387,679300,65.788651,50.049541,31.082558,19.046700
2019-07-31,23.008317,23.330231,22.500033,22.923603,1654900,64.308350,49.034687,30.742447,19.055401
2019-08-01,23.762271,25.185466,22.974432,24.821196,2080800,65.028282,48.861423,30.773357,19.136499
2019-08-02,25.041453,25.041453,24.245143,24.668713,856200,64.518669,48.869675,30.850657,19.210300
2019-08-05,24.541641,24.821197,24.007943,24.338327,1112300,67.810936,47.599049,29.830292,19.338430
2019-08-06,24.685654,24.719540,23.728387,23.897814,1584600,68.773521,48.028080,29.729803,19.680300
2019-08-07,23.736859,24.084186,23.279403,23.982529,844500,69.736153,48.589134,30.008080,19.595869
2019-08-08,24.050300,24.863555,24.041829,24.660242,1107700,71.750328,49.216206,30.533724,19.632299
2019-08-09,24.600942,24.897440,24.431513,24.516228,809500,71.483383,48.943928,30.889303,19.427650
2019-08-12,24.533169,24.939797,23.897814,24.829668,1018900,71.402481,48.613884,32.072002,19.425600
2019-08-13,24.948268,25.710693,24.829667,24.999096,993700,71.038467,49.166698,32.226612,19.584499
2019-08-14,24.643298,24.753426,24.033358,24.041828,879500,69.372139,48.391129,31.956055,19.378740
2019-08-15,24.160428,24.228200,23.762272,24.075714,759800,71.070847,49.117188,32.319370,19.654659
2019-08-16,24.194314,24.550113,24.033359,24.465399,507400,70.941399,49.678257,33.285625,19.598600
2019-08-19,24.744953,24.744953,24.270555,24.685654,529800,70.755341,50.173309,33.293354,19.622299
2019-08-20,25.414194,26.142735,25.049924,25.812349,1225800,71.378227,49.628754,32.473969,19.873100
2019-08-21,26.024134,26.066492,25.558208,25.693750,1016100,72.632034,49.760761,32.149303,19.750500
2019-08-22,25.837766,26.083437,25.727638,25.947893,646300,74.144691,50.024792,32.435314,19.671900
2019-08-23,25.863180,25.914008,25.422667,25.524323,1094600,72.745262,49.191456,31.384029,19.799700
2019-08-26,25.676808,25.854708,25.465023,25.744579,590600,73.966736,49.802010,31.677776,20.004299
2019-08-27,25.871652,25.871652,25.253239,25.456553,537200,72.777657,49.661755,31.252621,19.935900
2019-08-28,25.575152,25.846236,25.049925,25.185467,806700,73.271088,50.140305,30.580107,19.974001
2019-08-29,25.185467,25.947892,25.126167,25.820822,705100,74.501656,50.165051,31.414955,20.139400
2019-08-30,25.998722,26.803504,25.837765,26.396877,866900,75.573853,50.099060,31.337656,20.120800
2019-09-02,25.998722,26.803504,25.837765,26.396877,0,75.573853,50.099060,31.337656,20.120800
2019-09-03,26.235920,26.761148,25.998722,26.735733,832400,75.776947,50.387817,31.059364,20.124451
2019-09-04,26.828920,26.913634,26.362994,26.507008,964000,69.904190,50.841625,31.414955,19.960699
2019-09-05,26.574776,26.701847,26.193563,26.464647,764400,69.254379,50.528091,32.265263,19.685699
2019-09-06,26.701849,26.803505,26.396879,26.507008,827400,69.887955,50.693111,33.007343,19.705700
2019-09-09,27.430389,27.709943,26.320635,26.337578,2159600,67.873520,50.577583,33.718506,19.541140
2019-09-10,26.074966,26.286751,24.465399,26.210508,1893500,66.167778,50.264061,33.757153,19.555500
2019-09-11,26.218978,26.269806,25.414195,25.558208,1210500,66.866318,50.445572,34.777527,19.492001
2019-09-12,25.710695,26.286751,25.617509,25.710695,1153000,67.800415,50.651848,35.109913,19.499399
2019-09-13,25.761521,26.684904,25.744578,26.108849,1098800,69.181290,50.363075,35.117653,19.428499
2019-09-16,26.007194,26.557835,25.846237,26.185093,964300,70.131660,49.876270,35.094460,19.398100
2019-09-17,26.473121,26.828920,26.074966,26.447706,1181800,72.194817,50.148544,35.233601,19.422400
2019-09-18,26.803505,27.210131,25.693752,26.125793,1343300,71.699333,50.231064,34.205509,19.352800
2019-09-19,26.354520,26.642548,26.202035,26.286749,1242200,71.618103,50.222809,34.004513,19.396700
2019-09-20,26.278278,26.481591,25.524322,25.820822,9191700,70.984535,50.063454,34.081821,19.429199
2019-09-23,25.778466,26.252863,25.719166,25.998722,1202900,69.684875,50.262646,35.040348,19.418900
2019-09-24,26.074964,26.634076,25.888592,26.523947,1551100,70.082893,50.470142,34.924397,19.476000
2019-09-25,26.667961,27.328729,26.634077,27.244017,1274600,69.831093,50.503338,35.272247,19.435699
2019-09-26,27.260960,27.371089,26.693376,26.905161,692900,70.229103,50.785515,35.357281,19.566999
2019-09-27,26.922104,26.922104,26.295220,26.523947,1254000,69.205627,50.727421,35.109913,19.657030
2019-09-30,26.574777,27.167774,26.549363,27.150831,878400,69.969200,50.976406,30.889303,19.678699
2019-10-01,27.167774,27.294846,26.117321,26.151207,1291700,67.678558,50.843620,30.232254,19.734819
2019-10-02,26.091907,26.168150,25.575153,25.947893,642000,66.906929,49.822765,29.057281,19.803801
2019-10-03,25.956364,26.058022,25.549737,25.998722,1263700,66.687592,50.171352,29.111389,19.783701
2019-10-04,26.015663,26.278278,25.422666,26.235920,688500,66.809448,50.959824,29.351025,19.653049
2019-10-07,25.846237,26.303692,25.592094,25.964836,800800,65.924057,50.544830,29.845753,19.520800
2019-10-08,25.812351,25.914008,25.354896,25.388781,655600,65.331070,50.063454,30.131763,19.570900
2019-10-09,25.498908,25.693750,25.185466,25.609035,672200,66.387062,50.445244,30.263172,19.625200
2019-10-10,25.541265,26.015663,25.422666,25.990250,811000,66.711960,50.544830,30.510536,19.584900
2019-10-11,25.973308,26.193564,25.736108,25.981779,694500,67.906013,50.495037,30.386852,19.434700
2019-10-14,25.981779,26.049550,25.558209,25.659866,636000,68.279640,50.246040,30.154951,19.308100
2019-10-15,26.235920,26.235920,25.609037,25.642923,593000,68.019730,50.030258,30.216789,19.269350
2019-10-16,25.532793,25.558208,24.499283,24.643297,868600,66.492653,50.080055,30.379128,19.230650
2019-10-17,24.482341,24.880497,23.414944,24.507755,1391700,66.094643,50.312439,31.067101,19.194901
2019-10-18,24.567056,24.592471,24.126543,24.287500,943200,66.947533,50.412041,31.051634,19.179800
2019-10-21,24.516227,24.516227,23.940172,24.058771,662600,65.769730,50.578026,30.742447,19.117701
2019-10-22,24.101131,24.143487,23.575903,23.618259,831600,64.307625,50.594635,30.672863,19.121799
2019-10-23,23.567429,23.762270,23.152330,23.211630,1081100,62.951138,50.827019,30.657404,19.140690
2019-10-24,23.253990,23.804630,23.169275,23.686029,1047600,63.211075,51.001312,30.533724,19.101601
2019-10-25,23.635202,23.635202,23.347174,23.465775,534000,63.747200,50.702530,30.626484,19.117901
2019-10-28,24.202784,25.532793,24.050299,25.414194,1966100,66.671356,50.602924,31.445873,19.039301
2019-10-29,25.244766,25.549737,24.761896,24.922853,870200,66.841919,50.602924,31.430410,19.110201
2019-10-30,24.931325,25.160053,24.524698,24.965210,991500,66.435783,50.835320,31.082558,19.107201
2019-10-31,26.244392,26.583247,25.024511,25.719166,1484300,67.248085,50.760620,30.835196,19.092920
2019-11-01,25.829292,26.769618,25.761521,26.659489,1167700,67.987244,50.752319,31.662317,19.238800
2019-11-04,26.828919,26.871276,25.880122,25.964836,844600,66.646973,50.262646,31.623663,19.084999
2019-11-05,25.981779,26.100378,25.414195,25.642923,703700,66.549507,50.428638,31.932869,19.167900
2019-11-06,25.803879,26.058021,25.625980,25.880121,608000,67.800415,50.636124,32.087460,19.186800
2019-11-07,26.600191,26.684905,26.066493,26.379934,983100,67.621712,50.461834,31.994705,19.150700
2019-11-08,26.227448,26.549362,25.981779,26.473120,601100,67.118095,50.428638,32.095200,19.121599
2019-11-11,26.396878,26.727262,26.193565,26.583248,465000,67.199333,50.353939,32.327103,19.109501
2019-11-12,26.557833,27.447331,26.422291,27.337202,828900,72.194817,50.519932,32.937775,19.111500
2019-11-13,27.269430,27.438859,26.981404,27.066118,489900,72.186707,50.901718,33.254707,19.298700
2019-11-14,28.040328,28.336829,27.125419,27.354147,1153200,73.380737,50.885117,33.803539,19.365219
2019-11-15,27.379560,27.396503,27.176248,27.354147,540000,73.372581,50.901718,33.818996,19.312700
2019-11-18,27.472745,27.743830,27.049175,27.210131,740600,73.088295,51.167309,33.764893,19.198799
2019-11-19,27.328728,27.574400,27.091530,27.447330,866700,73.543190,51.100910,33.818996,19.317190
2019-11-20,27.413444,28.048799,27.371088,27.650642,598200,73.608162,51.217102,33.618019,19.358540
2019-11-21,27.498159,27.565931,26.727261,26.795033,737500,71.910515,50.959824,33.548450,19.469700
2019-11-22,26.854334,26.854334,25.846237,25.905537,733000,70.188484,50.876812,33.107838,19.386850
2019-11-25,25.939422,26.642548,25.914007,26.608662,748800,71.991737,50.934914,33.641209,19.344999
2019-11-26,26.651019,26.913634,26.430764,26.879747,565200,72.860878,51.349892,33.788074,19.445150
2019-11-27,26.879747,27.049175,26.651019,26.930576,378800,73.521896,51.474400,33.942680,19.507299
2019-11-28,26.879747,27.049175,26.651019,26.930576,0,73.521896,51.474400,33.942680,19.507299
2019-11-29,26.964460,26.964460,26.608661,26.684904,136900,73.358704,51.457790,33.648933,19.491449
2019-12-02,26.651018,26.701847,26.261334,26.684904,773800,73.105713,51.573990,33.509796,19.535950
2019-12-03,26.591718,27.057646,26.117321,26.964460,935500,72.591560,51.491001,33.161945,19.573999
2019-12-04,26.964461,27.396503,26.955990,27.116945,572000,72.828224,51.831284,33.200596,19.549500
2019-12-05,27.142362,27.498159,26.896691,27.354147,533900,73.007767,51.814674,33.424774,19.431101
2019-12-06,27.532043,27.913257,27.532043,27.650642,583800,72.999603,52.013878,33.687580,19.363001
2019-12-09,27.565930,27.659116,27.244016,27.277903,453600,73.179131,52.055370,34.066368,19.254749
2019-12-10,27.193188,27.218604,26.795033,26.854334,807300,72.314102,51.889370,33.293354,19.230000
2019-12-11,26.871274,27.167773,26.778090,26.862803,1051400,72.216148,51.964081,33.517532,19.249901
2019-12-12,26.828919,27.269430,26.684905,27.210131,936500,71.416389,51.922573,33.749428,19.101299
2019-12-13,27.201661,27.659117,27.108475,27.227074,511600,71.791786,52.105167,33.471149,18.982000
2019-12-16,27.269431,27.591345,27.269431,27.294847,629600,73.407661,52.287754,33.587101,19.034201
2019-12-17,27.235547,27.540515,26.981404,27.227074,881600,73.758598,52.204758,33.532990,18.936190
2019-12-18,27.337203,27.337203,26.667962,26.710320,541200,72.518112,52.121754,32.945507,18.917549
2019-12-19,26.811976,27.777716,26.744205,27.506632,892500,73.236275,52.403954,33.587101,18.975500
2019-12-20,27.532045,27.870902,27.320260,27.743830,1354800,74.150299,52.799736,33.656662,18.909000
2019-12-23,27.845486,27.845486,27.371089,27.582874,517300,74.582809,52.573818,33.146488,18.941299
2019-12-24,27.557459,27.743831,27.371090,27.557459,131300,74.386978,52.640766,33.084648,18.934500
2019-12-25,27.557459,27.743831,27.371090,27.557459,0,74.386978,52.640766,33.084648,18.934500
2019-12-26,27.667586,28.523196,27.506630,28.328354,962100,74.509384,52.690971,33.285625,18.952101
2019-12-27,28.336829,28.430015,27.769244,27.930202,586100,74.607323,52.925255,33.223789,18.928499
2019-12-30,27.896315,27.930202,27.515102,27.786186,450400,73.725945,52.649120,32.767719,18.827900
2019-12-31,27.667587,27.947144,27.548988,27.718416,367700,74.297188,52.699326,33.045986,18.917700
2020-01-01,27.667587,27.947144,27.548988,27.718416,0,74.297188,52.699326,33.045986,18.917700
2020-01-02,27.743829,27.904784,26.955989,27.260960,672000,73.423981,52.280949,32.481705,18.898800
2020-01-03,27.057648,27.481216,26.955990,27.354147,656200,73.921799,52.197269,32.814091,18.830299
2020-01-06,27.210132,27.227075,26.362994,26.625607,926900,73.570877,52.306053,30.232254,18.944759
2020-01-07,26.600189,26.854332,26.151206,26.218977,616200,72.501778,51.904411,29.451519,18.841450
2020-01-08,26.244393,26.651020,26.168150,26.210508,586600,72.950645,52.096859,29.397406,18.964199
2020-01-09,26.210507,26.430764,25.956364,26.100378,569300,72.803757,52.465038,29.374216,18.813999
2020-01-10,26.185091,26.820446,26.176619,26.659489,714000,75.015373,52.431564,29.575201,18.834801
2020-01-13,26.727260,27.260959,26.727260,27.040703,733900,76.272156,52.774639,29.915318,18.797621
2020-01-14,27.015288,27.049174,26.651018,26.744204,714400,75.031685,52.791378,29.567471,18.790100
2020-01-15,26.701850,26.905163,25.710696,25.778467,853000,74.093163,53.167923,29.667959,18.793800
2020-01-16,25.414194,25.837764,24.694125,25.354895,1080300,73.464798,53.310169,30.348206,18.782700
2020-01-17,25.354894,25.507379,24.880496,24.990623,719300,73.334206,53.402210,30.309557,18.763000
2020-01-20,25.354894,25.507379,24.880496,24.990623,0,73.334206,53.402210,30.309557,18.763000
2020-01-21,25.024510,25.100751,24.338326,24.380684,697500,71.383743,53.586304,30.309557,18.653700
2020-01-22,24.439984,24.787311,24.160427,24.185841,825700,71.498009,53.628128,30.224524,18.759399
2020-01-23,24.143484,24.338326,23.796157,24.262083,546600,71.783638,53.577942,30.062193,18.700411
2020-01-24,24.270557,24.346800,23.499660,23.609789,461200,70.126961,53.209759,29.451519,18.749201
2020-01-27,23.296346,23.321761,22.567805,22.635576,1018800,68.674309,53.042404,28.879490,18.862499
2020-01-28,22.669463,23.525075,22.610164,23.313290,1126200,69.017075,53.109341,28.446609,18.892000
2020-01-29,23.347173,23.372588,22.457677,22.525448,986100,68.886490,52.841579,27.812750,18.724051
2020-01-30,22.372963,22.847361,22.195065,22.813477,744900,69.163979,53.469154,27.843666,18.681900
2020-01-31,22.703348,22.855834,22.025637,22.067993,741900,67.433838,52.866688,27.588573,18.780800
2020-02-03,22.220477,22.982902,22.051050,22.898190,1073100,67.956154,52.866688,27.866852,18.866409
2020-02-04,23.194688,23.347173,22.652519,22.686405,746900,68.462128,53.184654,27.805014,18.814400
2020-02-05,22.898191,23.186218,22.491562,22.593220,857700,68.641670,53.611401,28.338392,18.671289
2020-02-06,22.550862,22.644046,21.915507,22.279776,904300,65.099831,53.703449,28.400230,18.587601
2020-02-07,22.186594,22.474621,21.949394,22.381435,1103900,65.573135,53.770393,28.438881,18.639700
2020-02-10,22.271308,22.457678,22.008693,22.440735,802700,66.576958,53.996323,28.848576,18.800249
2020-02-11,22.423791,22.898190,22.347548,22.372963,554400,66.095451,53.795490,28.817656,18.702700
2020-02-12,22.449207,22.525449,22.262836,22.322136,568300,65.581322,53.770393,28.523914,18.642000
2020-02-13,22.195065,22.669463,21.940922,22.533920,656300,66.250511,54.088356,28.902679,18.640400
2020-02-14,22.533920,22.550863,22.144234,22.212006,435300,65.703720,54.213871,29.080475,18.595100
2020-02-17,22.533920,22.550863,22.144234,22.212006,0,65.703720,54.213871,29.080475,18.595100
2020-02-18,22.110348,22.237419,21.568178,21.661364,803100,65.409935,54.021408,28.856306,18.549999
2020-02-19,21.686780,21.949393,21.568179,21.576651,613900,63.516598,53.962833,28.840853,18.588949
2020-02-20,21.593594,21.712193,21.288623,21.517351,678700,64.308212,54.004677,29.204161,18.550100
2020-02-21,21.186968,21.686781,20.187343,20.534670,1581700,63.516598,54.096729,29.057281,18.847401
2020-02-24,19.848487,20.094157,19.136890,19.467274,1143400,61.688553,52.849964,28.840853,19.007710
2020-02-25,19.518103,19.687530,19.145361,19.280903,1677100,58.522106,51.896053,27.920963,19.036600
2020-02-26,19.314787,19.467272,18.543890,18.637075,1636300,58.016140,51.603172,27.982809,19.059999
2020-02-27,18.162679,18.747204,17.900064,17.917007,1410500,56.801128,49.502888,27.843666,19.286619
2020-02-28,17.679808,17.950893,17.137638,17.925478,1759200,55.684643,48.523876,26.970171,19.458969
2020-03-02,17.976306,18.484590,17.688278,18.205034,1191900,57.909409,51.117855,28.129681,19.823099
2020-03-03,18.137262,18.450705,17.586622,17.840763,1461600,56.234676,50.423336,27.758636,19.405001
2020-03-04,18.077965,18.442235,17.772994,18.374464,1200600,57.786270,52.900158,28.809921,19.431601
2020-03-05,17.942422,18.188092,17.823823,17.993250,1382400,55.011471,51.904411,28.778996,19.517200
2020-03-06,17.374837,18.298220,17.357894,18.221977,1378700,53.074039,51.494392,28.809921,19.814501
2020-03-09,17.146110,18.001721,17.002096,17.035982,1353000,49.979080,49.251869,28.160597,21.057501
2020-03-10,17.408724,17.739110,16.154957,16.832670,1454900,51.522461,50.665997,28.268826,20.812229
2020-03-11,16.409098,16.722539,15.434886,15.587372,1633100,48.066280,48.180813,26.707352,20.789400
2020-03-12,14.748704,15.045204,13.969336,14.494563,1602200,42.524910,43.653915,23.924524,21.416599
2020-03-13,15.121447,16.197315,14.342078,16.154957,1439900,43.107784,47.369164,27.534466,21.967199
2020-03-16,14.816475,15.401002,13.427166,13.698251,1360400,36.983540,44.155975,28.902679,21.808611
2020-03-17,13.893093,15.019789,13.791437,15.002846,2096400,39.290386,47.879570,32.025623,22.600990
2020-03-18,14.350549,15.036732,13.342452,13.842265,1919000,36.269306,46.649536,29.312368,22.960600
2020-03-19,13.596594,15.621259,13.367867,15.290874,1631300,44.503391,45.093151,29.157778,23.649719
2020-03-20,15.409474,16.570055,14.824947,14.952018,1601200,44.019024,42.172859,30.958879,24.045771
2020-03-23,14.867304,15.240046,14.511505,14.816476,1088000,47.286392,40.924824,30.147221,24.746210
2020-03-24,15.714444,16.451457,15.180747,15.934701,1289400,49.248440,43.011887,30.154951,25.336201
2020-03-25,15.934699,16.426040,15.282403,15.417945,1148500,51.875458,42.894066,30.209063,24.768700
2020-03-26,15.426416,16.095658,15.172275,15.722916,1004300,50.266411,45.242001,31.090294,24.008101
2020-03-27,15.273932,15.595844,14.977432,15.265460,874000,48.099113,45.031609,32.790905,23.237101
2020-03-30,15.341704,15.875401,15.248518,15.841516,774700,48.558849,46.790470,32.806355,23.594601
2020-03-31,15.849985,15.858457,15.104503,15.350174,1652500,47.508041,45.839500,33.996792,23.833000
2020-04-01,14.858833,15.485716,14.630105,15.036732,888000,45.431049,45.065289,32.041088,23.750999
2020-04-02,14.850362,15.460302,14.697877,15.002846,821500,44.454128,46.218212,30.518259,24.215530
2020-04-03,14.875776,15.163803,14.587748,14.918134,772300,44.183212,46.580082,31.298998,24.235300
2020-04-06,15.299345,15.875400,15.265460,15.443358,1063900,46.342293,48.313686,31.731886,25.261999
2020-04-07,15.824572,16.104128,15.426415,15.621259,1232000,47.097561,47.758247,29.652500,24.542400
2020-04-08,15.697503,16.146486,15.629732,15.875401,552300,47.951347,48.465153,30.417770,24.311590
2020-04-09,16.002471,16.510755,15.841516,16.273556,703400,50.028343,48.919601,30.626484,23.984501
2020-04-10,16.002471,16.510755,15.841516,16.273556,0,50.028343,48.919601,30.626484,23.984501
2020-04-13,16.519228,16.773369,16.061771,16.595470,1054600,51.046307,48.557743,31.144400,23.446800
2020-04-14,16.883498,17.196939,16.646298,17.010569,834500,50.414169,50.619549,30.193605,23.585199
2020-04-15,16.858084,16.934327,16.485342,16.722542,1264300,49.379791,49.820057,30.989805,23.362000
2020-04-16,16.739482,17.349422,16.298969,16.493811,1118400,49.979080,50.148270,31.824642,24.239201
2020-04-17,16.841140,16.917383,16.205786,16.459929,1285000,51.177658,50.914101,32.110657,23.760201
2020-04-20,16.256614,16.510756,16.027886,16.036358,1310800,52.425495,49.912643,31.654583,24.026649
2020-04-21,15.866928,15.909286,15.189217,15.214630,1005400,50.824654,48.852272,31.391766,24.010719
2020-04-22,15.384061,16.146486,15.350176,16.044830,1058800,49.190975,49.323544,31.623663,24.368601
2020-04-23,16.154957,17.103755,16.154957,16.891970,1158900,49.995495,48.885941,32.404400,24.479300
2020-04-24,16.900440,17.002096,16.493812,16.646297,991700,48.419289,49.407707,32.211143,24.766550
2020-04-27,16.790313,17.518853,16.790313,17.391783,715900,48.993946,49.550770,33.718506,24.985800
2020-04-28,17.772993,18.628605,17.688279,18.052549,1873200,51.555294,49.828476,33.880836,24.749701
2020-04-29,18.543890,19.001347,18.365992,18.645548,1257600,51.965759,49.618092,33.270164,24.283600
2020-04-30,18.637075,19.111473,17.798407,18.637075,2067500,51.054516,49.029007,32.087460,23.742001
2020-05-01,18.213506,18.323634,17.442609,17.535795,1293300,49.264854,48.490406,32.814091,24.214300
2020-05-04,17.196938,17.628979,16.714068,17.078339,1109000,45.414642,48.465153,33.602566,24.834490
2020-05-05,17.196939,17.518853,17.052925,17.129168,789900,46.785606,48.507244,33.301083,24.090200
2020-05-06,17.129166,17.408722,16.536169,16.671711,790600,44.971317,47.977062,33.393841,23.973499
2020-05-07,16.858082,17.620508,16.722540,17.417194,823500,47.007263,47.842407,34.043179,24.427500
2020-05-08,17.942422,18.221978,17.552737,18.035608,1055300,49.576817,48.911182,34.290535,24.022060
2020-05-11,18.611661,18.789561,18.188091,18.459177,1120100,49.880562,48.843861,33.208324,23.625099
2020-05-12,18.620134,18.755676,18.196564,18.196564,1016900,49.322330,48.431503,33.432495,23.920090
2020-05-13,18.221978,18.264334,17.374838,17.595095,1086400,47.713280,47.993885,33.007343,24.363279
2020-05-14,17.417195,17.756050,17.027511,17.756050,808000,48.567051,47.876076,33.362930,24.185699
2020-05-15,17.662867,17.883124,17.366368,17.451082,916100,47.787170,48.296852,33.934948,23.851299
2020-05-18,17.730636,18.340576,17.730636,18.162678,724600,49.938030,49.062664,33.904030,23.934010
2020-05-19,18.137265,18.382936,17.298596,17.307068,790700,47.910313,48.162205,32.891399,23.731300
2020-05-20,17.501909,18.128793,17.425667,18.077965,669700,49.790264,48.734455,33.695320,23.665359
2020-05-21,18.111849,18.171150,17.468024,17.620508,744400,48.640942,48.195862,33.795811,23.195499
2020-05-22,17.662866,17.874651,17.307067,17.518852,562200,48.591686,48.364182,33.834469,22.870180
2020-05-25,17.662866,17.874651,17.307067,17.518852,0,48.591686,48.364182,33.834469,22.870180
2020-05-26,17.925479,18.399877,17.671338,17.739109,716900,50.603004,48.625061,34.166851,22.545500
2020-05-27,18.077964,18.188092,17.544265,18.171150,719900,51.514252,49.357204,35.140842,22.212000
2020-05-28,18.281279,18.382936,17.628981,17.688280,675300,51.440353,49.794815,34.599735,22.311380
2020-05-29,17.595096,17.730638,16.900442,17.510382,1152100,50.779175,49.845310,34.445137,22.198900
2020-06-01,17.510380,17.789936,17.256239,17.595095,888800,51.746162,50.190353,34.205509,22.182301
2020-06-02,17.662866,17.823823,17.501909,17.679810,609800,51.655247,50.325001,34.182316,22.042400
2020-06-03,17.857709,18.205036,14.833420,15.494189,10883500,49.671684,50.392326,33.169682,21.723801
2020-06-04,15.926228,15.985529,15.502658,15.705973,4151500,52.952831,50.148270,33.818996,21.720800
2020-06-05,15.968586,16.171900,15.468774,15.638201,2565500,53.655342,50.846760,34.970776,21.902479
2020-06-08,15.841516,17.307067,15.824573,17.281652,2258500,56.754654,51.393768,35.256790,21.474899
2020-06-09,16.951269,17.027511,16.315914,16.747955,1495100,55.184334,50.972992,35.017151,21.473000
2020-06-10,16.697125,16.807254,16.324385,16.426041,1373600,53.341274,50.829933,32.968697,21.887430
2020-06-11,15.833043,15.993999,14.960489,15.155331,2165700,49.465069,48.902775,32.435314,21.976980
2020-06-12,15.545016,15.646672,15.019789,15.367116,1355200,51.407303,48.911182,32.427586,22.854660
2020-06-15,14.994376,15.561959,14.663990,15.561959,1165500,51.870129,49.475033,32.914585,22.488541
2020-06-16,15.934700,15.968586,15.375587,15.680558,1589800,53.597477,50.249252,33.038265,22.155460
2020-06-17,15.765274,15.799158,15.384060,15.434888,778400,52.473465,50.173512,32.342564,22.269220
2020-06-18,15.299345,15.663616,15.214631,15.401003,593100,52.911507,50.434402,32.342564,22.341400
2020-06-19,15.485717,15.545016,15.231574,15.307817,1030600,52.250320,50.173512,31.878767,22.676399
2020-06-22,15.240045,15.290873,14.968961,15.146859,773800,50.762642,50.030209,32.195690,22.641500
2020-06-23,15.333231,15.401002,15.036732,15.138390,771400,50.547760,49.953857,32.412132,22.399099
2020-06-24,14.968961,15.053675,14.570806,14.655519,1222200,49.126202,49.114223,32.512627,22.389151
2020-06-25,14.570806,14.638577,14.308191,14.545391,943000,49.481598,49.461952,33.788074,22.790279
2020-06-26,14.452205,14.528448,14.087935,14.138764,1358100,48.167480,48.452705,33.471149,22.679399
2020-06-29,13.910036,14.028635,13.486466,13.816850,1455700,48.977444,49.368664,33.996792,23.054701
2020-06-30,13.799909,14.587747,13.782966,14.308191,1327800,49.349354,49.733353,34.383282,23.056570
2020-07-01,14.375963,14.528448,14.020164,14.070993,1015000,48.407166,49.775749,33.965862,23.004499
2020-07-02,14.274307,14.452205,14.130293,14.172649,1156800,48.307995,50.030209,34.406483,22.711599
2020-07-03,14.274307,14.452205,14.130293,14.172649,0,48.307995,50.030209,34.406483,22.711599
2020-07-06,14.384433,14.409848,14.011693,14.189591,1255600,49.134472,50.276138,34.854820,22.385450
2020-07-07,14.062522,14.087935,13.672836,13.901565,1318500,48.506344,50.734123,35.009430,22.311001
2020-07-08,13.935451,14.054050,13.401752,13.511880,1506200,47.878212,50.606899,34.406483,22.792700
2020-07-09,13.410224,13.579652,13.173025,13.257738,1157100,45.935978,50.208286,33.811272,22.671801
2020-07-10,13.223853,13.918508,13.223853,13.893093,1768700,48.365845,51.132732,34.924397,22.602600
2020-07-13,13.960864,14.130292,13.664364,13.757550,948200,47.952591,51.056404,34.684772,22.488400
2020-07-14,13.664365,13.926980,13.537295,13.749080,725300,48.605518,51.802742,34.800716,22.709801
2020-07-15,13.876150,14.299720,13.876150,13.960864,846700,50.018806,51.845158,34.692493,22.396000
2020-07-16,13.901564,14.138764,13.833793,13.918508,588900,49.894836,51.955406,34.375557,22.318199
2020-07-17,13.952393,14.138765,13.867680,13.935452,961600,50.266762,52.235279,34.182316,22.411680
2020-07-20,13.876149,13.926979,13.444109,13.511880,1088900,49.721283,51.709450,33.911751,22.492470
2020-07-21,13.588124,13.910036,13.477995,13.537294,1200200,50.068398,52.158951,34.012249,22.488541
2020-07-22,13.511880,13.622009,13.283153,13.427167,1361300,49.878307,52.574524,33.958141,22.296801
2020-07-23,13.452580,13.749079,13.350924,13.630480,795000,50.341133,52.761112,33.958141,22.370171
2020-07-24,13.596594,13.698252,13.325510,13.410224,557100,50.266762,52.693268,34.050903,22.478201
2020-07-27,13.384809,13.393281,12.995125,13.240795,847500,50.398998,52.956173,34.700226,22.287201
2020-07-28,13.215382,13.808379,13.139139,13.605065,1275900,50.200642,53.151249,34.553360,21.936100
2020-07-29,13.622008,13.749079,13.266210,13.732136,1122500,51.242004,53.227570,34.375557,21.933399
2020-07-30,13.012068,13.206911,12.596970,12.944297,2947000,50.886627,53.227570,34.135933,21.972500
2020-07-31,13.045954,13.257739,12.825698,13.003597,1518300,50.787441,53.176693,33.973598,21.995399
2020-08-03,13.003597,13.020539,12.647798,12.808754,1588700,51.597393,53.032505,34.406483,22.260599
2020-08-04,12.639326,13.342452,12.639326,13.274681,1353000,53.820641,53.694042,34.700226,22.625700
2020-08-05,13.393281,13.393281,12.952768,12.978182,1175000,52.010639,53.583782,34.004513,22.628401
2020-08-06,12.918882,13.045953,12.757926,12.935825,1059900,51.622192,53.575298,33.911751,22.371639
2020-08-07,12.910411,13.156081,12.842640,13.088310,831500,51.903191,53.863663,35.125378,22.402849
2020-08-10,13.173025,13.706723,13.130667,13.664365,863800,53.357807,54.143547,35.310902,22.404619
2020-08-11,13.791437,14.130293,13.791437,13.893093,776600,53.895027,53.770370,35.457775,22.457100
2020-08-12,14.028635,14.062522,13.664365,13.842265,592400,54.308262,54.465813,35.635555,22.411400
2020-08-13,13.782966,14.087935,13.698251,13.901565,573500,53.390858,54.423401,35.635555,22.340900
2020-08-14,13.799909,14.096407,13.732137,13.935452,622900,52.845383,54.414944,35.906113,22.153900
2020-08-17,13.893093,13.926979,13.545766,13.554237,631700,52.630501,54.720257,35.596916,21.933500
2020-08-18,13.554237,13.647423,13.317038,13.571180,659600,52.622227,54.940758,31.878767,22.142200
2020-08-19,13.605066,13.630480,13.486466,13.537294,486500,52.465202,54.508232,31.894217,22.131300
2020-08-20,13.520352,13.520352,13.291624,13.367867,618000,51.985844,54.397968,32.450779,22.174789
2020-08-21,13.333981,13.452581,13.198439,13.249268,545400,52.002369,54.533676,32.636299,22.088301
2020-08-24,13.266209,13.579652,13.173024,13.571180,744400,52.523064,55.000130,32.149303,21.959669
2020-08-25,13.613537,13.689780,13.461053,13.647424,474900,52.514786,54.881401,32.365742,21.973000
2020-08-26,13.647424,13.910036,13.494938,13.774494,721900,52.440414,54.949245,32.358013,21.894699
2020-08-27,13.850737,14.257363,13.850737,13.960864,813100,52.861916,55.288483,32.628574,21.930870
2020-08-28,14.045579,14.096407,13.664365,13.833794,616300,52.820591,55.780388,31.785990,22.132900
2020-08-31,13.833793,13.893093,13.554237,13.554237,663800,52.246552,55.619255,29.830292,21.749901
2020-09-01,13.477995,13.528824,13.079840,13.444110,988300,52.113430,55.678623,29.946241,21.912550
2020-09-02,13.427166,13.689779,13.427166,13.630480,830700,52.737385,56.687885,30.487345,21.745300
2020-09-03,13.749079,14.147236,13.655895,13.774494,972800,51.281483,55.712555,30.379128,21.726900
2020-09-04,13.876150,13.960864,13.376338,13.766023,1109300,51.930405,55.585335,29.977161,21.698700
2020-09-07,13.876150,13.960864,13.376338,13.766023,0,51.930405,55.585335,29.977161,21.698700
2020-09-08,13.655895,13.749079,13.427167,13.571180,749600,51.223244,54.414944,29.953974,21.594200
2020-09-09,13.613537,13.681309,13.325510,13.588124,986600,50.948704,55.203678,29.861206,21.872419
2020-09-10,13.689779,14.375962,13.681308,14.155705,1249700,52.787319,54.525181,29.552008,21.386999
2020-09-11,14.130293,14.223479,13.850737,13.952393,942600,53.011944,54.830513,30.054466,21.436649
2020-09-14,13.986279,14.443734,13.986279,14.392906,812400,54.334747,55.186707,30.255442,21.267500
2020-09-15,14.477620,14.680933,14.257363,14.443733,605400,54.284824,55.110394,30.154951,21.064800
2020-09-16,14.519976,14.655518,14.359020,14.409848,646800,54.251549,54.864426,31.113482,21.142000
2020-09-17,14.291249,14.350549,14.054050,14.155705,823900,53.036907,54.516701,30.417770,20.979160
2020-09-18,14.104878,14.206536,13.715195,13.808379,1543900,51.605942,54.016312,30.170418,20.892700
2020-09-21,13.571181,13.596594,12.876525,12.901939,1275000,49.792294,53.604244,29.482445,21.111759
2020-09-22,12.978181,13.139138,12.732511,12.774868,1142400,49.409592,53.919910,29.892132,21.344839
2020-09-23,12.783341,13.003597,12.181871,12.181871,1342200,47.496101,53.109406,29.884398,21.674500
2020-09-24,12.164928,12.275056,11.910786,12.156457,1112700,47.338028,53.501858,30.038998,22.390400
2020-09-25,12.071743,12.580027,12.071743,12.512256,987500,49.234886,53.783405,30.100840,22.138439
2020-09-28,12.681683,12.927354,12.647798,12.757926,1005400,49.717415,54.389149,30.325010,22.309370
2020-09-29,12.766397,12.808754,12.486841,12.529198,573300,49.051857,54.030827,29.814829,22.349100
2020-09-30,12.630855,12.817226,12.554612,12.681684,596900,49.484467,54.687759,29.660231,22.373501
2020-10-01,12.783340,12.851112,12.664741,12.842640,680500,49.268166,54.994896,29.683420,22.081600
2020-10-02,12.656269,13.189967,12.461427,13.156081,902200,49.343037,54.687759,29.691149,21.844730
2020-10-05,13.291624,13.418695,12.969712,13.071368,811500,49.085125,55.054626,29.412865,21.594999
2020-10-06,13.173024,13.444109,13.088310,13.156081,864600,48.760674,54.696297,29.644766,21.363251
2020-10-07,13.333980,13.562709,13.181496,13.520351,987800,48.893791,55.284981,29.714342,21.688231
2020-10-08,13.562709,13.664365,13.291624,13.317039,632000,49.076809,55.651836,29.606119,21.449800
2020-10-09,13.461052,13.511880,13.020539,13.029011,671900,48.236542,56.086945,29.381941,21.355869
2020-10-12,13.054425,13.537294,12.927354,13.384809,1030400,49.060177,56.735355,29.204161,21.148590
2020-10-13,13.325510,13.477995,13.240796,13.283154,943700,49.051857,56.692688,29.204161,21.198900
2020-10-14,13.723666,14.206535,13.681308,14.037107,2010900,49.318073,56.402615,29.088209,21.333481
2020-10-15,13.893092,14.104877,13.588123,14.062521,790500,50.324741,56.436752,29.505630,21.326170
2020-10-16,14.121822,14.384435,13.926980,13.935452,648200,49.675819,56.453796,29.722071,21.284100
2020-10-19,13.910036,14.011694,13.562709,13.613537,586400,48.511074,55.720078,29.505630,21.088800
2020-10-20,13.749079,13.867680,13.613537,13.664365,752700,48.136696,55.660358,29.482445,21.207251
2020-10-21,13.562708,13.876149,13.469523,13.816850,594200,49.226551,55.711552,29.629305,21.092600
2020-10-22,13.766022,14.054049,13.672836,14.003222,561500,49.451187,55.685955,30.255442,21.149269
2020-10-23,14.113349,14.231948,13.825321,14.155705,621800,49.958683,55.788330,30.726984,20.954201
2020-10-26,14.062522,14.121822,13.672837,13.689780,742600,47.803932,55.071686,30.124029,20.902439
2020-10-27,13.664364,14.037106,13.664364,13.723665,660700,47.978638,54.926640,30.046732,20.963791
2020-10-28,13.461052,13.638951,13.325509,13.342452,1194900,47.221550,53.322693,30.069920,21.019300
2020-10-29,14.350549,14.604691,13.774494,13.782966,2089200,47.620895,53.305634,30.371401,21.235600
2020-10-30,14.265835,14.325135,13.757551,14.181121,1677000,47.612576,53.117935,29.644766,21.345600
2020-11-02,14.291250,14.765648,14.206535,14.655519,1202600,47.945358,53.962574,29.436060,21.274450
2020-11-03,14.782591,14.943546,14.342078,14.435264,902100,46.996937,54.849857,29.381941,21.371950
2020-11-04,14.257364,14.519976,14.028635,14.079465,590400,47.038532,54.875458,29.513361,21.035709
2020-11-05,14.096406,14.545391,14.096406,14.443733,592900,48.011909,55.276440,30.185873,20.934401
2020-11-06,14.435263,14.596218,14.342077,14.401377,529300,47.695770,55.532394,30.309557,20.755501
2020-11-09,14.850362,15.299345,14.714820,14.765648,884800,50.208256,55.404419,29.946241,20.520361
2020-11-10,14.867304,15.502659,14.816476,15.460302,844500,50.299774,56.496471,30.595568,20.335300
2020-11-11,15.528073,15.604315,15.290873,15.451830,591400,50.840549,56.982769,30.974339,20.322100
2020-11-12,15.248517,15.375588,14.867304,15.002846,625000,50.607605,56.829201,30.842930,20.464300
2020-11-13,15.104504,15.638201,15.104504,15.629731,523900,51.872166,57.614105,31.074835,20.603251
2020-11-16,15.858457,16.510755,15.765272,16.502283,908600,53.860531,58.143066,31.469067,20.344740
2020-11-17,15.883871,16.358269,15.782214,16.239670,654900,53.061855,57.733551,30.773357,20.259951
2020-11-18,16.442984,16.570055,15.926229,15.926229,587800,52.787319,56.940113,30.085384,20.279490
2020-11-19,15.926227,16.087184,15.612787,15.943171,459600,51.863846,57.093685,30.301823,20.312679
2020-11-20,15.892344,15.917758,15.646672,15.773745,407000,50.532726,56.735355,30.270903,20.233400
2020-11-23,15.917757,16.383683,15.900814,16.315912,840500,52.521091,56.752411,30.108576,20.086720
2020-11-24,16.324384,16.790310,16.307441,16.731010,927400,53.910454,57.136337,30.425508,20.101549
2020-11-25,16.519227,16.646298,16.324386,16.332857,579200,54.068512,57.102211,30.178148,20.025120
2020-11-26,16.519227,16.646298,16.324386,16.332857,0,54.068512,57.102211,30.178148,20.025120
2020-11-27,16.349799,16.519227,16.256614,16.451456,290800,54.076836,57.093685,30.340475,20.029100
2020-11-30,16.409098,16.468398,15.968585,16.002470,880900,54.617146,57.085136,30.247715,20.038071
2020-12-01,16.180371,16.527699,16.180371,16.468399,665400,55.923935,57.588505,30.603292,20.161600
2020-12-02,16.459929,17.112227,16.383686,16.841141,1177900,55.371059,57.110744,30.139494,20.028749
2020-12-03,16.883496,17.510379,16.883496,17.484964,815100,57.909252,57.255775,30.038998,19.992399
2020-12-04,17.425665,17.739107,17.239295,17.603565,544500,58.721806,57.699413,30.263172,19.899200
2020-12-07,17.518851,17.586622,17.196937,17.468023,592100,57.549034,57.477604,29.289185,19.781000
2020-12-08,17.417194,17.688279,17.205409,17.256239,1035600,57.306126,57.793262,29.513361,19.891020
2020-12-09,17.357895,17.569680,17.196938,17.400253,1045200,57.934383,57.562923,29.490171,19.775999
2020-12-10,17.298596,17.654394,17.256239,17.578152,410100,58.143795,57.306965,29.474709,19.876120
2020-12-11,17.383310,17.620508,17.264709,17.459553,478800,58.043282,57.434952,29.026363,19.990700
2020-12-14,17.603567,17.891594,17.247768,17.264709,438000,58.453732,57.213116,28.740343,20.077801
2020-12-15,17.324010,17.408723,17.196938,17.256239,396800,57.172096,57.349640,28.949064,20.228239
2020-12-16,17.264708,17.400252,16.629354,16.815725,854200,54.650650,57.460533,29.049557,19.928280
2020-12-17,16.959740,17.324010,16.849611,16.985153,726300,54.449608,57.827404,29.211887,19.871241
2020-12-18,16.934325,16.985153,16.519226,16.680183,1305400,54.407730,57.955376,28.261089,19.821501
2020-12-21,16.290499,16.536170,16.019414,16.273556,589400,53.486267,57.330791,28.477535,20.093941
2020-12-22,16.265087,16.409101,16.121073,16.222729,396200,52.338642,56.926437,28.709431,19.982401
2020-12-23,16.366741,16.739483,16.205784,16.586998,549600,54.072651,57.115715,29.204161,20.103800
2020-12-24,16.383685,16.527699,16.205785,16.392157,211700,54.273697,57.399612,28.879490,20.048901
2020-12-25,16.383685,16.527699,16.205785,16.392157,0,54.273697,57.399612,28.879490,20.048901
2020-12-28,16.553113,16.781839,16.400627,16.739483,464300,53.930241,57.855579,29.049557,19.869680
2020-12-29,16.875027,17.078340,16.434514,16.459929,419600,53.193077,57.683521,29.134584,20.006250
2020-12-30,16.426041,16.578527,16.290499,16.392157,391400,53.268471,57.623306,28.956800,19.934999
2020-12-31,16.392155,16.688654,16.146484,16.612411,417300,53.980507,58.027641,29.018633,19.890900
2021-01-01,16.392155,16.688654,16.146484,16.612411,0,53.980507,58.027641,29.018633,19.890900
2021-01-04,16.688654,16.731011,15.689029,16.061769,1035700,53.193077,57.399612,28.794464,19.847500
2021-01-05,16.061770,16.468398,15.926227,16.298969,622300,53.151199,57.399612,28.817656,19.942450
2021-01-06,16.722541,17.357895,16.358270,17.146111,1185100,54.751183,57.442623,29.698883,19.902201
2021-01-07,17.298596,17.298596,16.680185,16.714069,618800,54.122906,57.270576,30.062193,19.655769
2021-01-08,16.875027,16.875027,16.154958,16.459929,595500,53.637058,57.554470,29.389675,20.000099
2021-01-11,16.358269,16.663239,16.358269,16.553112,411200,54.256943,57.064091,29.320107,20.050489
2021-01-12,16.561583,16.680183,16.265085,16.324385,640000,53.620304,56.874825,29.142324,20.062401
2021-01-13,16.290499,16.290499,15.799158,15.866929,940800,53.687317,56.960854,28.601212,19.794430
2021-01-14,15.951643,16.341328,15.782214,16.205784,854600,54.248566,56.659748,28.655321,19.836349
2021-01-15,16.197315,16.307442,15.883872,16.214256,312200,54.240177,56.461876,28.191517,19.723351
2021-01-18,16.197315,16.307442,15.883872,16.214256,0,54.240177,56.461876,28.191517,19.723351
2021-01-19,16.273556,16.519227,16.078714,16.409100,837600,53.528152,56.212391,28.121946,19.695650
2021-01-20,16.400628,17.256239,16.400628,17.002096,1298700,55.496712,56.315628,28.346119,19.636000
2021-01-21,17.002095,17.349422,16.934324,17.103752,843200,55.203526,56.126358,28.794464,19.585011
2021-01-22,16.993625,17.408723,16.976683,17.281652,773300,55.722881,55.980099,28.933603,19.737061
2021-01-25,17.256239,17.705222,17.196938,17.357895,660500,55.789902,56.539310,29.057281,19.942881
2021-01-26,17.459552,17.493437,16.781840,17.357895,629500,55.764774,57.046886,29.296917,20.105169
2021-01-27,17.247768,17.815352,16.951269,17.010569,850800,54.265308,56.083344,30.819740,19.988300
2021-01-28,17.002097,17.239296,16.671713,16.849611,546100,54.416103,56.298431,30.085384,20.331530
2021-01-29,16.747956,16.866555,16.214257,16.417570,751700,53.871601,55.137016,29.637041,20.252251
2021-02-01,16.586997,16.798782,16.375212,16.671711,915700,53.771084,55.188629,29.505630,20.505289
2021-02-02,16.849610,17.171524,16.603941,17.035982,742400,53.796215,55.558563,29.575201,20.368160
2021-02-03,17.035983,17.730637,17.035983,17.535795,789500,54.843319,55.644588,29.536545,20.137680
2021-02-04,17.705223,18.094908,17.561209,17.798409,544400,55.471584,56.048935,29.992619,20.197081
2021-02-05,17.984778,18.145735,17.832293,17.874651,321800,55.438072,56.573723,29.822557,20.387190
2021-02-08,18.594720,19.340203,18.425292,19.263960,1254900,56.920784,56.788799,30.162683,20.111389
2021-02-09,19.280904,19.577404,18.899691,19.433390,543900,58.219193,56.737186,30.464153,20.103069
2021-02-10,19.484215,19.729887,19.086060,19.450329,603000,58.034901,56.676968,30.379128,20.083851
2021-02-11,18.857334,19.391031,17.917008,18.357521,1344100,54.734425,56.427475,30.170418,20.029289
2021-02-12,18.569304,18.874275,18.306692,18.459177,469900,54.918705,56.513508,30.201332,19.966280
2021-02-15,18.569304,18.874275,18.306692,18.459177,0,54.918705,56.513508,30.201332,19.966280
2021-02-16,18.467648,18.637077,18.018665,18.476120,1103100,55.010868,56.410271,30.270903,19.949301
2021-02-17,18.433765,19.086063,18.332107,19.001348,544900,56.309288,56.616737,30.688328,20.225540
2021-02-18,18.781090,19.374088,18.713318,19.153831,663200,56.652714,56.582317,30.479614,20.212540
2021-02-19,19.213131,19.314787,18.984403,19.035231,648700,56.560570,55.868279,29.938511,20.308229
2021-02-22,19.043702,19.526572,18.967460,19.255487,395400,57.264229,55.919895,29.853483,20.487450
2021-02-23,19.179246,19.348675,18.721792,19.230076,824500,57.121834,55.997318,30.031275,20.742029
2021-02-24,19.280905,19.357147,19.026762,19.060648,469200,57.691456,55.962910,30.093115,20.513269
2021-02-25,19.187717,19.509631,18.984404,19.043703,585900,57.222347,55.352089,29.675686,20.377560
2021-02-26,19.009819,19.323259,18.865805,18.967461,504900,57.057922,54.457367,29.451519,20.910900
2021-03-01,19.247016,20.068743,19.060646,19.755301,711800,57.791508,55.007961,29.544275,20.789570
2021-03-02,19.619758,19.831543,19.374088,19.509630,438300,57.909542,54.913338,29.923050,20.654030
2021-03-03,19.746828,20.026384,19.509630,19.941671,696400,58.988811,54.655239,30.440966,20.603411
2021-03-04,20.034855,20.543140,19.882370,20.119570,434300,60.869110,54.457367,30.989805,20.956091
2021-03-05,20.382183,20.602440,20.017913,20.560083,766800,61.307556,55.661800,31.631390,21.133410
2021-03-08,20.746454,21.314038,20.568556,21.102253,425100,62.133858,55.902687,32.504898,21.255301
2021-03-09,21.076839,21.212383,20.670212,20.695627,380000,61.037735,55.851070,33.007343,21.492491
2021-03-10,20.983653,21.153080,20.644797,21.110723,335000,62.437408,56.582317,33.200596,21.188820
2021-03-11,20.983656,21.407226,20.602442,21.220854,317600,62.378399,56.444679,32.999611,20.902121
2021-03-12,21.356394,21.796907,21.186967,21.517351,488700,63.668465,56.909248,32.767719,20.615000
2021-03-15,21.491938,21.619009,21.110725,21.559710,407300,64.570656,57.158741,32.960968,20.711580
2021-03-16,21.474995,21.483466,20.924354,20.941296,533200,64.300827,57.227554,32.288456,20.666691
2021-03-17,20.958239,21.136139,20.763397,21.000597,644200,64.402023,57.141521,32.079731,20.599300
2021-03-18,21.009068,21.364867,21.009068,21.068369,275200,64.865784,56.909248,32.504898,20.362770
2021-03-19,20.983654,21.576651,20.983654,21.339453,691700,64.714005,57.107113,32.674942,20.483900
2021-03-22,21.364866,21.364866,20.712570,20.848112,292800,63.634735,57.709984,32.466240,20.660801
2021-03-23,20.822696,20.949766,20.094155,20.178869,553400,61.897778,57.952179,31.816917,20.575390
2021-03-24,20.161929,20.543143,20.017915,20.051802,296000,62.032669,57.727291,31.105751,20.807911
2021-03-25,20.060271,20.517726,19.924729,20.424541,417900,63.533539,58.289513,31.785990,20.882999
2021-03-26,20.534669,20.780340,20.331356,20.763397,249400,64.064743,59.318817,31.314461,20.683029
2021-03-29,20.788811,21.153079,20.416069,20.610910,236100,64.418892,59.915630,30.889303,20.632530
2021-03-30,20.670212,20.780342,20.449956,20.636328,282700,64.039436,59.275551,30.209063,20.607380
2021-03-31,20.610912,20.661740,20.144986,20.153458,399500,62.648220,59.085262,29.698883,20.576000
2021-04-01,20.153457,20.721040,19.865430,20.687155,308500,63.128834,58.799839,30.015816,20.429100
2021-04-02,20.153457,20.721040,19.865430,20.687155,0,63.128834,58.799839,30.015816,20.429100
2021-04-05,20.856584,20.856584,20.356771,20.517727,400600,62.918026,59.552353,29.660231,20.305220
2021-04-06,20.416069,20.661738,20.339826,20.551611,360300,63.988861,59.803181,30.247715,20.305731
2021-04-07,20.687155,20.805754,20.178870,20.449955,488700,63.845520,59.656143,30.572374,20.174459
2021-04-08,20.348300,20.602441,20.094157,20.517727,446100,64.359863,59.716686,30.379128,20.211300
2021-04-09,20.670212,20.670212,20.178871,20.390656,288800,64.553795,59.612900,30.556913,20.098940
2021-04-12,20.314414,20.737984,20.212758,20.695627,453900,65.396980,59.932938,30.858383,20.160410
2021-04-13,20.687154,20.687154,20.272056,20.382183,461400,64.899498,59.612900,30.363670,20.144430
2021-04-14,20.593970,20.712571,20.390656,20.577028,257000,65.987190,59.561016,30.564650,20.067499
2021-04-15,20.661740,20.704098,20.221228,20.365242,290400,66.020927,60.036724,30.394585,20.086060
2021-04-16,20.373713,20.746455,20.314414,20.695627,250600,66.543686,60.382710,30.348206,19.935900
2021-04-19,20.746455,20.881997,20.373713,20.458427,368200,66.231720,60.149158,30.332747,19.918301
2021-04-20,20.500786,20.695627,20.399128,20.577028,295300,66.214851,60.477859,30.062193,19.813450
2021-04-21,20.610912,21.017539,20.492313,20.983654,437300,67.100189,60.780590,30.386852,19.947001
2021-04-22,20.907412,21.051426,20.712570,20.788813,429300,66.644882,60.330807,30.294096,19.886600
2021-04-23,20.822697,21.127668,20.687155,20.924355,413700,66.358192,60.175117,30.185873,19.933001
2021-04-26,21.042953,21.042953,20.729510,20.737982,414600,65.725815,59.500454,29.196428,19.852539
2021-04-27,20.704098,20.788812,20.441484,20.729511,416500,64.663422,59.457207,29.122152,19.858601
2021-04-28,20.780340,21.127667,20.780340,20.915882,692400,65.203064,59.500454,28.851355,20.032600
2021-04-29,20.805753,21.161552,19.738357,20.500784,1342900,65.177742,60.131863,29.029306,19.891670
2021-04-30,20.534670,20.577028,20.187343,20.297470,661700,65.304207,60.183762,28.905514,20.024300
2021-05-03,19.924728,20.881996,19.924728,20.382183,719100,66.189552,60.676792,29.160837,20.195801
2021-05-04,20.322885,20.602441,20.026386,20.077215,529000,65.582466,60.365410,28.990623,20.187799
2021-05-05,19.941673,20.466898,19.941673,20.373713,469100,65.658363,60.322170,29.137623,20.193899
2021-05-06,20.466899,20.593969,20.111100,20.297470,473600,66.096802,61.100628,28.928724,20.251169
2021-05-07,20.229699,20.534670,20.060272,20.475370,492600,66.459381,61.100628,29.060251,20.085100
2021-05-10,20.526198,20.619384,20.170399,20.348299,563700,66.459381,61.567703,28.975147,19.892401
2021-05-11,20.136514,20.941296,20.136514,20.881996,649100,66.982140,61.031414,29.261419,19.912951
2021-05-12,20.966711,21.381810,20.509255,20.534670,498900,66.746048,60.218372,28.549614,19.963690
2021-05-13,20.610912,21.136139,20.399127,21.119196,512600,67.926521,61.066025,29.184053,20.142000
2021-05-14,21.153081,21.729137,21.059897,21.542767,746900,67.741005,61.334148,28.851355,19.950399
2021-05-17,21.551239,21.737609,21.314039,21.568180,376200,67.968666,61.247658,29.021566,19.870399
2021-05-18,21.542765,22.262835,21.364865,21.373337,435800,67.336288,61.057362,28.944199,19.761299
2021-05-19,21.314038,21.458051,21.009067,21.178495,387700,67.150795,60.858440,29.153095,19.847879
2021-05-20,21.178495,21.254737,20.992124,21.051424,399600,67.943367,61.420658,28.959671,19.933001
2021-05-21,21.170024,21.364865,21.000597,21.195438,451900,68.036118,61.429310,28.820406,19.888800
2021-05-24,21.288623,21.339453,20.983654,21.026011,265600,67.926521,61.610950,28.348446,19.937349
2021-05-25,21.034483,21.110726,20.721041,20.721041,296300,67.631393,61.628250,27.977076,19.874001
2021-05-26,20.695627,20.737983,20.365243,20.416071,498700,67.117043,61.498505,27.396797,19.905800
2021-05-27,20.483841,20.915882,20.238170,20.305941,508100,67.041168,61.117916,27.249790,19.870800
2021-05-28,20.416070,20.670211,20.195813,20.365242,414700,67.410004,61.247658,27.009945,19.951851
2021-05-31,20.416070,20.670211,20.195813,20.365242,0,67.410004,61.247658,27.009945,19.951851
2021-06-01,20.416071,20.526198,20.178871,20.314413,744400,67.918762,61.040066,27.868753,19.917500
2021-06-02,20.407599,20.407599,20.034857,20.153458,495700,68.062920,61.264965,28.418079,19.961201
2021-06-03,20.289000,20.339828,19.712945,20.017914,532000,67.130203,61.645538,28.247868,19.894800
2021-06-04,19.992501,20.102628,19.560459,19.619759,731300,66.689278,61.861771,27.644382,20.140400
2021-06-07,19.670586,19.738357,19.416444,19.509630,428500,66.417946,61.757977,27.977076,19.943899
2021-06-08,19.475743,19.518101,19.323258,19.441858,477000,66.409462,61.239029,28.247868,19.822399
2021-06-09,19.399503,19.551989,19.196190,19.492689,530600,65.629372,60.944931,28.356188,19.702080
2021-06-10,19.568931,19.611287,19.357146,19.424917,386600,65.239311,61.325520,28.371658,19.730280
2021-06-11,19.467274,19.560460,19.297847,19.551989,213400,65.603943,61.360130,28.704351,19.703199
2021-06-14,19.577402,19.679058,19.501160,19.602816,288000,65.586967,61.325520,28.387136,19.870899
2021-06-15,19.729888,19.729888,19.035232,19.052176,551200,64.204872,61.178474,28.093134,19.943100
2021-06-16,19.086061,19.153832,18.603190,18.628605,634400,63.289116,60.365410,28.147285,20.021299
2021-06-17,18.603190,18.603190,18.230449,18.306692,448900,62.644676,60.581646,28.201443,20.397881
2021-06-18,18.221979,18.281278,17.874652,18.001722,611700,61.695004,59.509102,27.899704,20.410700
2021-06-21,18.145736,18.586249,18.086436,18.374464,671400,62.381817,60.191631,27.791380,20.622000
2021-06-22,18.721790,19.001346,18.510005,18.975931,846700,62.924480,60.278709,28.603773,20.505850
2021-06-23,18.975932,19.289375,18.891218,18.908161,584800,62.602299,59.904335,28.209183,20.339300
2021-06-24,18.764146,19.026759,18.637075,19.009817,466700,62.983837,60.200336,28.619244,20.195869
2021-06-25,18.984403,19.729887,18.933575,19.594343,1027000,63.170391,60.661743,28.727564,19.846901
2021-06-28,19.636701,19.636701,19.052174,19.119946,402200,62.407249,60.713993,28.534140,19.808201
2021-06-29,19.247016,19.247016,18.942046,18.975931,283600,62.169849,60.444096,28.232391,19.817169
2021-06-30,18.908161,18.967461,18.713320,18.789562,361000,62.542923,60.914196,28.015757,19.803101
2021-07-01,18.908161,19.035232,18.696376,18.730263,788400,62.610767,60.731396,27.830067,19.934429
2021-07-02,18.687905,18.874276,18.213507,18.510006,811000,62.424221,60.879387,27.652119,20.010099
2021-07-05,18.687905,18.874276,18.213507,18.510006,0,62.424221,60.879387,27.652119,20.010099
2021-07-06,18.450706,18.569305,18.255863,18.526949,441600,61.923954,60.626926,26.886148,19.824900
2021-07-07,18.552363,18.713320,18.357521,18.493063,444000,62.229191,60.949039,26.986732,20.011660
2021-07-08,18.247393,18.374464,18.077965,18.154207,547400,61.593254,60.722679,27.675325,19.950399
2021-07-09,18.315163,18.628604,18.221978,18.603189,438400,62.364864,61.070915,27.861013,19.981100
2021-07-12,18.501533,18.594719,18.298220,18.340576,389700,61.516937,60.975155,27.559278,19.860701
2021-07-13,18.289749,18.425291,18.103378,18.145735,435800,60.855553,60.957741,27.180162,19.827400
2021-07-14,18.188092,18.374464,18.094908,18.154207,242000,60.346806,61.497509,27.652119,20.042200
2021-07-15,18.061021,18.205035,17.942422,18.196564,286800,60.855553,61.749958,28.116339,19.900949
2021-07-16,18.281279,18.281279,17.840765,17.883123,811200,60.541824,61.845741,27.992548,19.929390
2021-07-19,17.654395,17.671338,17.213882,17.366367,541300,60.134823,61.662914,26.917099,19.904200
2021-07-20,17.451082,18.086437,17.357896,17.883123,485900,60.490952,61.680309,27.242058,20.038099
2021-07-21,17.908536,18.128793,17.874651,18.018665,353000,60.601181,61.523609,26.576670,20.136049
2021-07-22,17.925478,17.925478,17.628979,17.789936,380100,59.965244,61.419159,26.831993,20.147141
2021-07-23,17.908536,18.399878,17.815352,18.238922,585800,60.473995,62.159115,27.141470,20.102751
2021-07-26,18.247394,18.493063,18.196564,18.357521,321200,60.414642,62.263596,27.087317,20.058300
2021-07-27,18.230449,18.814975,17.959365,18.721790,611300,60.855553,62.394188,27.218843,20.024300
2021-07-28,18.713318,19.069117,18.374463,18.975931,794600,60.719887,61.845741,27.303949,19.954100
2021-07-29,18.493062,19.255487,18.272805,18.958988,1163000,60.982746,62.150436,27.466427,19.913799
2021-07-30,19.009818,19.213131,18.730262,18.764147,635600,60.592705,62.254890,26.994469,19.851400
2021-08-02,18.840389,19.170773,18.586248,18.662491,529600,60.838596,61.993713,26.932571,19.865700
2021-08-03,18.645548,18.704847,18.306692,18.349049,513100,60.804680,62.272305,26.553463,19.901699
2021-08-04,18.221978,18.298221,17.501909,17.518852,702600,59.659985,61.462673,26.344557,19.862600
2021-08-05,17.696751,17.917008,17.569680,17.798409,460900,59.473438,61.758686,26.592142,19.960400
2021-08-06,17.891594,18.162678,17.815351,18.027136,564100,60.304405,61.758686,26.785570,19.928261
2021-08-09,18.247392,19.052173,18.247392,18.772617,1016800,65.544586,61.985023,26.893887,20.069799
2021-08-10,18.721790,19.213131,18.696376,19.179245,521900,67.452423,62.429028,27.288477,20.069870
2021-08-11,19.128418,19.535045,19.026761,19.526573,372700,67.986595,62.637947,27.133732,20.070499
2021-08-12,19.501159,19.535043,19.119945,19.213131,334400,67.867912,62.603127,27.095049,19.929501
2021-08-13,23.084560,23.533545,23.042204,23.160803,8010800,69.453529,63.125477,26.932571,19.951380
2021-08-16,23.126917,23.398003,23.101503,23.262459,2461600,68.775162,63.491123,27.226583,19.857700
2021-08-17,23.211633,23.491189,23.152333,23.440361,1281200,68.478409,63.525948,27.667587,19.880100
2021-08-18,23.304818,23.347175,22.999847,22.999847,1939600,67.961174,62.733742,27.582483,19.997549
2021-08-19,22.999846,23.237046,22.932075,23.008318,1500400,68.079880,63.238640,28.185970,20.039040
2021-08-20,22.957490,23.160804,22.957490,23.050674,1329600,67.783096,63.343132,28.038971,20.167200
2021-08-23,23.126917,23.186218,22.915132,23.025261,1512800,67.435463,63.142891,27.922913,20.381500
2021-08-24,23.050674,23.101504,22.974433,23.067617,908900,67.087807,62.664089,28.100866,20.317949
2021-08-25,23.067618,23.440360,23.008319,23.431889,842600,66.740143,62.559605,27.977076,20.206100
2021-08-26,23.347172,23.423415,23.262458,23.389530,822400,66.222916,62.272305,27.752699,20.216101
2021-08-27,23.296346,23.889345,23.296346,23.728388,759900,66.570580,62.489971,27.992548,20.366501
2021-08-30,23.736860,23.779217,23.406475,23.499660,490700,66.290749,62.768559,27.791380,20.164301
2021-08-31,23.575902,23.702973,23.465774,23.584373,577300,66.960182,62.907833,27.977076,20.139250
2021-09-01,23.584373,23.914757,23.575902,23.702972,638600,66.815208,63.238640,28.302021,20.059601
2021-09-02,23.686029,23.863929,23.635201,23.813101,514100,66.934601,63.482422,28.255608,19.997749
2021-09-03,23.787687,23.830043,23.669087,23.719915,349500,66.712868,63.404057,28.108603,19.962351
2021-09-06,23.787687,23.830043,23.669087,23.719915,0,66.712868,63.404057,28.108603,19.962351
2021-09-07,23.677560,23.796159,23.558959,23.669088,585800,65.911263,62.672775,29.284630,19.888100
2021-09-08,23.677559,23.914757,23.448831,23.762272,1452500,64.956154,63.212536,29.129889,19.927799
2021-09-09,23.711444,23.804630,23.592845,23.762272,1008000,64.453003,62.846886,27.404535,19.927500
2021-09-10,23.719916,23.914757,23.635201,23.762272,566000,63.787849,62.577026,27.273003,19.921600
2021-09-13,23.821573,24.041828,23.694500,23.736858,402600,65.177872,62.733742,27.319426,19.865499
2021-09-14,23.745329,23.821572,23.584372,23.711443,646800,64.325081,62.446434,27.899704,19.862000
2021-09-15,23.694501,23.906286,23.609789,23.846987,513700,64.990257,62.672775,27.373585,19.897301
2021-09-16,23.830044,23.974058,23.669089,23.931702,984300,64.640633,62.463829,27.768169,19.844500
2021-09-17,23.830041,23.974055,23.762270,23.940170,1449100,64.649162,62.124317,27.520588,19.940550
2021-09-20,23.694499,24.016413,23.635199,23.940170,626800,64.555344,61.504097,27.450953,20.018499
2021-09-21,23.914756,24.363741,23.914756,24.262083,1314400,64.401863,61.434013,28.487711,20.118940
2021-09-22,24.304443,24.651770,24.101130,24.101130,1346300,64.367744,61.609215,28.472242,20.128700
2021-09-23,24.135013,24.346798,23.846986,24.151957,857200,64.904999,61.836987,28.278816,20.086760
2021-09-24,24.101130,24.287500,24.033359,24.143486,776500,64.998795,61.863274,28.255608,20.052900
2021-09-27,24.202784,24.600940,24.202784,24.439983,843600,65.544563,61.582954,28.116339,20.053499
2021-09-28,24.482341,24.651769,24.406098,24.490812,892700,66.346199,60.855858,27.775911,20.089500
2021-09-29,24.499284,25.092283,24.363742,25.032982,1165000,68.640152,61.407742,28.201443,20.329769
2021-09-30,25.100753,25.160054,24.541641,24.634827,832900,67.318352,60.303974,27.977076,20.501101
2021-10-01,24.795784,24.880498,24.338327,24.812727,682500,66.781105,60.461651,27.450953,20.615400
2021-10-04,24.753425,25.066868,24.660241,24.846611,593800,66.584976,60.268948,27.218843,20.418200
2021-10-05,24.761897,25.041453,24.711069,24.770369,522300,66.781105,60.575542,27.141470,20.501600
2021-10-06,24.736484,24.939797,24.439985,24.592470,476800,67.045464,61.162457,27.559278,20.570200
2021-10-07,24.609412,24.880498,24.609412,24.694126,640600,67.096634,61.434013,27.226583,20.557501
2021-10-08,24.685655,24.736484,24.380685,24.397627,292400,67.002815,61.363937,26.847467,20.654131
2021-10-11,24.499284,24.660241,24.338327,24.397627,275200,66.806679,61.346428,26.754622,20.723150
2021-10-12,24.439986,24.626356,24.380686,24.465399,318800,67.574188,61.372688,26.963518,20.847000
2021-10-13,24.084187,24.609412,23.906286,24.541641,427200,67.633888,61.486580,26.723679,20.780001
2021-10-14,24.651770,24.761897,24.575527,24.694126,279000,67.966469,62.178616,26.777834,20.553699
2021-10-15,24.736485,24.812728,24.609413,24.609413,193900,67.949409,62.029690,27.118261,20.541800
2021-10-18,24.702597,24.812726,24.414569,24.448456,296200,67.736206,61.661770,27.195637,20.347000
2021-10-19,24.507756,24.524699,24.262084,24.431513,287800,68.307571,61.688057,27.567013,20.397499
2021-10-20,24.389155,24.761896,24.363741,24.499283,398700,69.271217,62.047230,27.443220,20.222099
2021-10-21,24.482342,24.719542,24.465399,24.609413,171100,69.237114,61.968384,27.466427,20.221500
2021-10-22,24.609413,24.677184,24.507757,24.609413,105400,70.354256,62.450191,27.814600,20.293200
2021-10-25,24.753426,24.753426,24.507756,24.592470,235400,71.027954,62.406399,27.868753,20.188900
2021-10-26,24.558584,24.719541,24.397627,24.533169,407200,70.345718,62.625385,27.876486,20.170500
2021-10-27,24.567055,24.668713,24.380685,24.431513,472000,68.759560,62.257469,27.961594,20.196911
2021-10-28,24.439984,24.456927,23.813101,23.889343,613900,69.083633,62.476471,28.387136,20.304800
2021-10-29,23.838514,23.965586,23.686029,23.855457,777800,68.196716,62.415142,27.899704,20.378401
2021-11-01,23.855459,24.406100,23.686030,24.168901,837800,68.930122,62.511513,28.108603,20.552700
2021-11-02,24.118071,24.287500,23.855459,23.965588,437600,69.527061,62.932007,28.309767,20.839600
2021-11-03,23.982527,24.338325,23.889342,23.940170,310600,69.689079,63.518909,28.634724,20.780300
2021-11-04,23.872401,24.024886,23.787686,23.796158,369200,69.134773,63.580254,28.580555,20.531700
2021-11-05,23.787686,23.982528,23.702972,23.753801,401000,69.552635,63.948143,28.510923,20.545900
2021-11-08,23.872399,23.990998,23.677557,23.880871,548100,69.390617,63.440067,28.835878,20.372801
2021-11-09,23.830043,24.109600,23.719916,23.804630,365900,69.518524,63.659073,28.379396,20.332951
2021-11-10,23.753801,24.041827,23.719915,23.753801,426600,70.388382,63.851799,28.201443,20.319151
2021-11-11,23.745329,24.685653,23.423415,24.617882,774300,70.891502,63.807987,28.038971,20.606400
2021-11-12,24.609410,24.736483,24.363741,24.499283,363700,69.271217,63.807987,28.131813,20.636431
2021-11-15,24.473868,24.685653,24.228198,24.677181,199700,71.727234,64.114601,28.673403,20.524191
2021-11-16,24.592470,24.829668,24.295971,24.338327,402300,71.275246,63.711620,28.758505,20.594801
2021-11-17,24.160429,24.558584,24.160429,24.516228,389000,70.431000,63.571465,28.812672,20.753799
2021-11-18,24.507757,24.516228,24.262086,24.346800,460500,70.405411,63.343697,28.247868,20.645399
2021-11-19,24.287499,24.380685,24.177372,24.236671,570700,69.510002,63.115940,28.472242,20.759501
2021-11-22,24.228199,24.380684,24.228199,24.245142,282600,70.891502,63.615280,28.797192,20.860840
2021-11-23,24.279029,24.355272,24.194315,24.228201,215000,70.985306,64.035759,29.269156,20.993700
2021-11-24,24.236672,24.448456,24.126542,24.338327,226700,70.985306,63.843021,29.013830,21.265499
2021-11-25,24.236672,24.448456,24.126542,24.338327,0,70.985306,63.843021,29.013830,21.265499
2021-11-26,24.101127,24.151955,23.931699,23.940170,252900,69.365036,63.037109,28.557352,21.624500
2021-11-29,24.058771,24.092657,23.880872,23.957115,451300,69.825531,63.194778,28.232391,21.729601
2021-11-30,23.855458,23.957116,23.592846,23.787687,1131300,67.715836,61.574173,27.899704,21.680799
2021-12-01,23.846986,24.016415,23.406473,23.482716,791100,67.115524,61.276352,28.100866,21.411800
2021-12-02,23.567429,23.889343,23.567429,23.770742,534300,69.285255,61.924587,27.744961,21.471569
2021-12-03,23.872401,23.923229,23.550487,23.686029,177100,70.837502,62.695473,27.667587,21.308540
2021-12-06,23.804630,24.024886,23.609788,23.677559,315600,71.592186,63.799236,28.085390,21.221001
2021-12-07,23.677561,23.821574,23.567431,23.618259,345500,72.012398,63.939377,28.286552,21.223700
2021-12-08,23.567430,23.855457,23.347173,23.736858,509600,71.635048,63.737915,28.077652,21.028200
2021-12-09,23.736858,23.914757,23.736858,23.855457,171800,71.823730,63.913105,27.907434,20.925800
2021-12-10,23.957116,24.050300,23.669088,23.787687,359700,72.132469,64.990593,28.008024,20.950701
2021-12-13,23.660615,23.940171,23.660615,23.813101,395200,72.835693,65.840309,28.000286,20.876301
2021-12-14,23.821573,24.118070,23.779215,23.897814,345700,73.538940,65.884117,27.830067,20.993601
2021-12-15,23.965586,24.050299,23.770743,23.974056,345400,73.676147,66.549858,28.379396,21.218901
2021-12-16,23.991001,24.033359,23.787687,23.787687,321200,73.924828,67.022911,28.340715,21.033199
2021-12-17,23.753801,23.965586,23.406472,23.592844,841000,73.264488,65.875359,27.953861,20.819401
2021-12-20,23.762271,23.762271,23.262458,23.389530,383900,72.758499,65.894753,27.938385,20.829300
2021-12-21,23.398004,23.660617,23.389532,23.550488,282600,73.127258,65.806557,27.667587,20.755400
2021-12-22,23.516601,23.770743,23.423416,23.635201,221500,72.835693,66.221107,28.008024,20.822500
2021-12-23,23.686028,23.686028,23.313288,23.338701,250700,73.084389,66.371040,28.232391,20.710400
2021-12-24,23.686028,23.686028,23.313288,23.338701,0,73.084389,66.371040,28.232391,20.710400
2021-12-27,23.304817,23.558959,23.304817,23.542017,247800,73.890533,67.076645,28.549614,20.607201
2021-12-28,23.558958,23.711443,23.355644,23.711443,219500,74.327911,67.455917,29.632793,20.683599
2021-12-29,23.677559,23.872400,23.609787,23.872400,193500,74.113503,67.764618,28.046703,20.662201
2021-12-30,24.211257,24.211257,23.601317,23.609789,176000,74.027740,67.552910,28.302021,20.558001
2021-12-31,23.635200,23.923228,23.465773,23.889343,263400,74.748116,68.011559,28.619244,20.459101
2022-01-03,23.787687,23.889345,23.626730,23.804630,325000,75.296989,68.002739,29.168583,20.481600
2022-01-04,23.880872,24.007942,23.635200,23.711443,542800,76.789215,68.461403,29.779800,20.486000
2022-01-05,23.787687,23.923229,23.474244,23.525074,651800,76.943588,68.399673,29.973221,20.521999
2022-01-06,23.618259,24.092659,23.499660,24.050301,637500,77.904091,68.214439,30.004171,20.563700
2022-01-07,24.016414,24.355269,23.863928,24.126541,779000,78.049881,68.285011,30.081545,20.493099
2022-01-10,24.270556,24.295970,23.931700,24.151957,552200,77.844040,67.746964,30.994511,20.390471
2022-01-11,24.135014,24.279028,23.931701,24.219728,243800,78.032722,67.667587,30.862976,20.358200
2022-01-12,24.219728,24.228199,23.762272,23.897814,206600,77.826904,67.694046,30.244015,20.390511
2022-01-13,23.889343,24.118070,23.669087,23.711443,379100,79.936577,67.817528,30.878452,20.362850
2022-01-14,23.770742,23.872399,23.558957,23.821571,225200,80.408279,67.941017,31.822371,20.333670
2022-01-17,23.770742,23.872399,23.558957,23.821571,0,80.408279,67.941017,31.822371,20.333670
2022-01-18,23.728387,23.821573,23.550487,23.660616,511800,80.373962,66.961990,32.340752,20.289499
2022-01-19,23.601317,23.736859,23.542017,23.626730,540300,79.507797,67.385345,32.495487,20.398800
2022-01-20,23.609787,23.618257,23.338701,23.338701,401700,77.578186,66.944344,31.775946,20.500500
2022-01-21,23.262460,23.423417,23.101504,23.169275,546300,77.123672,66.997269,31.621212,20.530720
2022-01-24,23.059147,23.465775,22.796534,23.313290,581200,77.741150,66.776756,31.002245,20.448151
2022-01-25,23.237046,23.414945,22.737234,23.186218,369000,77.432404,66.035896,30.731451,20.573830
2022-01-26,23.245518,23.423416,23.042204,23.126917,317600,77.681107,65.533142,30.274965,20.607000
2022-01-27,23.033733,23.330232,22.762648,22.949018,380700,77.200859,65.974152,30.019646,20.715401
2022-01-28,22.906662,23.262459,22.788061,23.245518,304200,78.298584,66.750305,30.507076,20.767401
2022-01-31,23.253988,23.736858,23.109975,23.694500,648300,77.946953,67.006096,30.174385,20.829000
2022-02-01,23.677560,24.168901,23.499660,24.109600,700400,78.092751,66.944344,30.305912,20.625900
2022-02-02,24.185841,24.355269,23.999470,24.126541,687100,78.358612,67.746964,30.661814,20.545700
2022-02-03,24.101127,24.160427,23.770742,23.821571,391900,77.458138,67.764618,30.909401,20.601200
2022-02-04,23.669088,23.804630,23.211632,23.525074,443200,75.717216,66.935524,31.922955,20.564600
2022-02-07,23.931700,24.245142,23.465773,24.245142,1358700,84.979248,67.058998,32.464542,20.653601
2022-02-08,24.363741,24.575526,24.024886,24.524698,735900,84.653374,67.314789,33.137669,20.580799
2022-02-09,24.567055,24.711068,24.380684,24.524698,672200,84.661949,67.332420,32.472282,20.597620
2022-02-10,24.262085,24.719541,23.652145,23.787687,1217100,83.941574,66.609184,32.410389,20.487841
2022-02-11,23.779213,24.219726,23.745328,23.999470,622400,84.035896,66.371040,33.160881,20.557199
2022-02-14,24.279027,24.279027,23.669087,23.889343,739100,81.368774,66.185829,32.890083,20.510441
2022-02-15,23.880872,24.084186,23.838514,23.897814,489200,80.579773,66.300491,33.075768,20.408991
2022-02-16,23.889343,24.033357,23.745329,23.770742,635000,81.000015,66.423950,32.681187,20.383801
2022-02-17,23.745330,23.804629,23.533545,23.575901,874900,79.936577,66.935524,32.982929,20.286400
2022-02-18,20.670212,21.220853,19.746830,20.356771,9718800,79.130447,67.058998,33.044823,20.291599
2022-02-21,20.670212,21.220853,19.746830,20.356771,0,79.130447,67.058998,33.044823,20.291599
2022-02-22,20.263584,20.526197,19.933200,20.382183,1886500,79.276260,66.538628,33.408459,20.322981
2022-02-23,20.483842,20.746455,20.221229,20.593969,2133400,78.890327,66.000610,34.189903,20.294399
2022-02-24,20.178870,20.737982,19.890842,20.678682,1364000,77.466705,64.862816,33.779835,20.231701
2022-02-25,20.627854,20.949767,20.339827,20.797281,1317000,80.073792,66.953178,34.166687,20.563370
2022-02-28,20.331356,20.695627,19.772244,19.975557,1458700,79.858337,66.062347,34.251793,20.573139
2022-03-01,20.043328,20.500784,19.450330,20.348299,4235200,80.866699,65.674248,34.267277,20.460699
2022-03-02,20.483842,20.915883,20.382184,20.729511,1051100,81.909515,66.371040,34.452961,20.643101
2022-03-03,20.754924,21.076837,20.416069,20.551611,1119100,82.168076,66.909065,34.507126,20.642550
2022-03-04,20.280527,20.373712,19.094532,19.153831,2027900,80.590912,66.917892,34.878494,20.639391
2022-03-07,19.094532,19.323259,17.713693,17.849236,2054200,79.772163,65.700706,34.607693,20.969259
2022-03-08,17.840764,18.459178,17.137638,18.247393,2061900,79.565308,63.927887,34.050629,21.305349
2022-03-09,19.263959,19.696000,18.984403,19.450329,2120800,78.117424,64.360069,33.787571,21.362391
2022-03-10,19.696003,20.094158,19.026761,19.433390,1687000,77.522751,63.751484,33.810787,20.905190
2022-03-11,19.424918,19.831545,19.323260,19.551989,929300,75.531891,63.010609,33.539993,20.912001
2022-03-14,19.873899,20.136513,19.314787,19.450329,1049100,73.687553,63.345764,35.319511,20.887510
2022-03-15,19.331731,19.653645,19.272431,19.357145,1046800,73.859909,64.765778,36.333065,20.900370
2022-03-16,19.365617,20.102628,19.357146,19.738358,1068600,75.169937,64.836357,37.300182,20.812599
2022-03-17,19.653645,20.170399,19.535044,19.814600,1289100,76.359245,65.286171,38.336945,20.630699
2022-03-18,19.755300,20.000971,19.577401,19.941671,1342700,75.100967,65.436104,40.039089,20.514090
2022-03-21,20.144985,20.339827,19.619757,19.746828,956000,74.618340,65.520271,38.654167,20.381149
2022-03-22,19.873899,20.212757,19.704472,19.873899,1147700,74.790710,66.007584,38.514900,20.381901
2022-03-23,19.780714,19.984028,19.594343,19.645172,584900,73.885773,65.475983,38.476212,20.272200
2022-03-24,19.950142,20.195814,19.704473,19.992500,795700,74.402885,65.936699,38.685112,20.226641
2022-03-25,19.933201,20.373713,19.679058,20.238171,908800,74.919998,66.486038,38.894009,20.066299
2022-03-28,20.466898,20.509255,19.679058,19.975557,912800,74.782082,66.760689,39.652241,20.030149
2022-03-29,20.102627,20.898939,20.102627,20.797281,973600,76.548874,67.354324,40.201572,20.091249
2022-03-30,20.348299,21.000597,20.348299,20.941296,830100,76.454063,67.398605,40.828266,19.965599
2022-03-31,20.915883,21.627481,20.915883,21.263210,1198400,77.246964,67.239128,42.723831,19.878151
2022-04-01,21.458051,21.729136,21.305566,21.474995,948000,78.462166,67.912506,45.416321,19.875200
2022-04-04,21.415696,21.635952,21.305567,21.619009,779100,77.436569,67.699867,45.818649,19.857300
2022-04-05,21.585123,21.779965,21.330982,21.483467,1040400,77.729599,67.761902,44.387299,19.809320
2022-04-06,21.534294,22.466149,21.534294,22.051050,2245600,78.341507,68.621300,44.789623,19.982599
2022-04-07,22.067991,22.330606,22.042578,22.186592,661200,78.806892,69.454155,43.799278,20.161461
2022-04-08,22.288248,22.660990,22.288248,22.347548,939600,79.668747,69.746552,43.118427,20.130320
2022-04-11,22.398378,22.864304,22.347548,22.415319,827800,80.858101,69.463028,43.342796,20.064850
2022-04-12,22.542392,22.813476,22.228949,22.254364,940000,80.530594,69.480728,42.801208,19.941940
2022-04-13,22.228949,22.660991,22.203534,22.550863,806200,81.435516,69.870583,41.160954,19.803289
2022-04-14,22.745706,23.220104,22.618635,23.194689,699000,82.262856,69.852852,42.058456,19.761299
2022-04-15,22.745706,23.220104,22.618635,23.194689,0,82.262856,69.852852,42.058456,19.761299
2022-04-18,23.228575,23.491188,22.898191,23.228575,1045100,81.943993,69.276962,41.733498,19.953600
2022-04-19,23.330230,24.024885,23.237044,23.999470,837200,84.012421,70.331314,42.940479,19.795200
2022-04-20,24.024886,24.304442,23.558958,23.575901,1049600,84.805321,71.385651,43.598122,20.018110
2022-04-21,23.719914,23.855457,23.381059,23.474243,1612200,84.279594,71.323631,43.629066,19.973700
2022-04-22,23.406474,23.719917,23.109977,23.177748,933600,81.806107,70.207268,43.729652,20.184650
2022-04-25,23.076089,23.279402,22.516977,23.143860,889000,81.452751,70.517365,42.112614,20.232000
2022-04-26,23.067617,23.279402,22.313663,22.432262,1038800,79.789391,69.427582,41.472839,20.214600
2022-04-27,22.440733,22.940546,22.432262,22.644047,806300,80.685699,69.684540,42.093224,20.380320
2022-04-28,23.533545,24.846611,23.338701,24.804255,2178700,82.469719,70.712288,42.822174,20.372299
2022-04-29,24.990625,24.990625,23.999471,24.016415,920500,80.289268,68.789650,41.666706,20.441299
2022-05-02,24.228199,24.821196,23.931700,24.787312,1192100,80.065170,67.885941,41.759758,20.417379
2022-05-03,24.948269,24.956739,24.194313,24.312914,1177600,77.652031,67.691010,42.217300,20.448200
2022-05-04,24.312914,24.838140,24.236672,24.812727,1026000,79.487770,69.214935,42.845444,20.280060
2022-05-05,24.668713,24.812727,23.838515,24.058771,932400,78.341507,67.903648,41.689968,20.038260
2022-05-06,23.863929,24.744954,23.830043,24.711069,1099700,78.272560,67.974510,40.441448,20.214701
2022-05-09,24.431514,24.550113,23.474245,24.050301,885700,80.013474,67.947945,39.208431,20.176300
2022-05-10,24.058770,24.397626,23.779214,24.126541,1282400,79.367096,67.478355,39.510860,20.363520
2022-05-11,24.228199,24.397626,23.669087,23.796158,1171900,77.738220,67.185989,39.782284,20.380360
2022-05-12,23.779215,24.016415,23.474244,23.957115,845600,77.169395,67.168243,39.557384,20.319731
2022-05-13,24.084187,25.100754,24.041829,24.550114,1321900,77.565834,68.178307,39.293724,20.172701
2022-05-16,24.499285,25.532795,24.245144,25.397253,1750600,78.246689,68.488426,37.075848,20.091261
2022-05-17,25.642923,25.888593,25.422667,25.803879,1607800,79.091293,68.018829,37.471348,20.019100
2022-05-18,25.778466,25.820822,24.643298,24.973682,1089900,73.041176,63.641953,35.493862,19.935499
2022-05-19,24.711070,25.227826,24.338328,24.838140,1314100,72.498199,62.507862,35.804058,20.023001
2022-05-20,24.939797,25.143110,24.355270,24.922853,822400,73.497955,62.640759,35.765278,19.923599
2022-05-23,25.024511,26.439233,25.024511,26.134264,1830900,75.273331,63.934345,35.625687,19.849421
2022-05-24,25.973308,26.447706,25.803880,26.447706,1233000,76.488533,64.979828,35.098366,19.917959
2022-05-25,26.388405,27.328729,26.329106,27.286373,1110200,76.755707,64.997551,35.641205,19.842699
2022-05-26,27.286373,28.226699,27.286373,27.820072,1114100,77.358994,65.688644,36.362396,19.818199
2022-05-27,27.955615,28.641799,27.870902,28.455427,1098100,78.462166,66.450592,37.347271,19.751900
2022-05-30,27.955615,28.641799,27.870902,28.455427,0,78.462166,66.450592,37.347271,19.751900
2022-05-31,28.667213,28.667213,27.786187,28.226700,987000,77.621925,65.981003,37.013813,19.531300
2022-06-01,28.302941,28.421540,27.642173,27.947144,983600,76.348579,65.121590,36.711372,19.648741
2022-06-02,28.116570,29.302567,27.803129,29.133139,1381000,76.235992,66.069618,37.378288,19.713060
2022-06-03,29.217855,29.361867,28.819698,29.023010,1013700,75.716240,65.405090,36.478725,19.527901
2022-06-06,29.268681,29.268681,27.133888,27.269430,1286700,75.776886,65.431679,36.059963,19.545219
2022-06-07,27.167774,27.294847,26.693376,27.269430,1381400,76.556465,65.777229,35.951397,19.555300
2022-06-08,27.311788,27.311788,26.710318,26.837389,802400,75.629608,64.970963,35.850582,19.576700
2022-06-09,26.769617,26.769617,26.210505,26.278276,865800,73.897186,63.996346,34.625324,19.587099
2022-06-10,25.905536,26.083436,25.634452,25.761522,696100,72.883720,63.721695,34.951031,19.676300
2022-06-13,25.295596,25.634451,24.990625,25.261709,799500,72.164734,62.348381,34.710625,20.019461
2022-06-14,25.431137,25.532793,24.821196,24.999096,654600,72.693146,61.612991,35.470589,20.466801
2022-06-15,25.219352,25.973306,25.219352,25.609035,790400,72.857727,61.674999,35.013069,20.560659
2022-06-16,25.160053,25.278652,24.626354,24.863554,765200,71.506424,61.205425,36.385670,20.222151
2022-06-17,24.880498,25.312538,24.821197,24.855083,1059800,71.956833,60.983906,35.912617,20.397200
2022-06-20,24.880498,25.312538,24.821197,24.855083,0,71.956833,60.983906,35.912617,20.397200
2022-06-21,25.414196,25.558210,25.244768,25.456553,581800,72.771111,62.611248,37.153397,20.268499
2022-06-22,25.083810,25.541265,24.888967,25.295595,1068600,72.597832,62.566605,36.819939,20.136999
2022-06-23,25.354896,25.863180,25.354896,25.761522,821000,72.727791,63.780624,37.548893,20.049500
2022-06-24,25.897065,26.498535,25.846237,26.320635,1190100,74.321617,65.030350,38.324379,20.009899
2022-06-27,26.583247,27.684530,26.557834,27.227074,1294700,74.330284,64.851830,39.503109,19.892559
2022-06-28,27.269431,27.786187,26.549363,26.583248,1085500,74.165710,63.985931,38.231312,19.902901
2022-06-29,26.667963,26.947519,26.405350,26.888220,694500,74.754738,64.387657,38.812927,20.146601
2022-06-30,26.490063,26.583247,26.159677,26.456177,725700,74.546837,64.432274,38.316616,20.130360
2022-07-01,26.464647,26.854332,26.244390,26.659489,803400,73.845207,65.360649,38.890476,20.102949
2022-07-04,26.464647,26.854332,26.244390,26.659489,0,73.845207,65.360649,38.890476,20.102949
2022-07-05,26.430764,26.447705,25.719166,26.439234,873000,74.312965,64.941078,37.766029,20.268400
2022-07-06,26.295221,26.439233,25.448081,25.634451,1092000,74.217690,65.128555,39.177414,20.522900
2022-07-07,25.575152,26.168149,25.575152,26.015663,705300,74.555511,65.191032,40.619801,20.641100
2022-07-08,25.829293,25.829293,25.295596,25.422667,622000,72.857727,65.074997,40.774899,20.493999
2022-07-11,25.185468,25.558210,24.956740,25.041454,563600,70.865417,64.985718,40.813675,20.462700
2022-07-12,25.032982,25.769995,25.007569,25.532795,607900,71.653687,64.798279,40.720619,20.721201
2022-07-13,25.270181,25.659866,25.032981,25.600565,708300,71.922203,64.842880,41.116108,20.866461
2022-07-14,25.498910,25.710695,25.270182,25.685280,506600,70.631538,64.896461,41.232430,20.790800
2022-07-15,25.693750,26.049549,25.456551,25.693750,353800,70.969368,65.110703,41.123867,20.805889
2022-07-18,25.956364,26.176621,25.346424,25.524323,639200,70.926025,64.476913,41.278961,20.499599
2022-07-19,26.032607,26.379935,25.939423,26.142736,391200,72.329323,65.155312,40.581036,20.445021
2022-07-20,26.091905,26.464647,25.964835,26.405348,476300,71.333160,64.717918,41.410797,20.519800
2022-07-21,26.295221,27.049175,26.193563,26.922104,698100,71.220566,64.914322,41.876087,20.542101
2022-07-22,26.811974,27.345672,26.727260,26.837389,719500,71.099304,65.342796,41.907104,20.654100
2022-07-25,26.998347,27.532044,26.803503,27.421915,605700,72.493904,65.664116,44.086212,20.534599
2022-07-26,27.354147,27.913259,27.260961,27.870903,595700,72.944344,65.512398,42.721363,20.450701
2022-07-27,27.887841,27.921728,27.294846,27.735359,606600,74.217690,65.958725,42.170765,20.453699
2022-07-28,27.955614,28.768867,26.625604,27.515100,1266000,75.534332,67.012062,40.829193,20.373301
2022-07-29,27.599818,27.599818,26.125793,26.574778,1115900,76.235992,66.494324,40.206924,20.281200
2022-08-01,26.532419,26.583247,25.617509,25.998722,981700,76.374557,67.324478,39.766380,20.374500
2022-08-02,26.422291,26.523947,25.854707,26.286749,758400,75.802864,66.788879,40.922794,20.383499
2022-08-03,26.295221,26.396877,25.786937,26.151207,556100,75.846176,67.226311,40.796932,20.810909
2022-08-04,25.668336,25.947893,25.363367,25.405724,608800,74.988617,66.779968,40.277725,20.492701
2022-08-05,25.253238,25.642923,25.210882,25.524323,575400,75.750900,66.628235,40.796932,20.323700
2022-08-08,25.414195,25.702223,25.363367,25.685280,736500,69.384178,66.592499,40.907066,20.421400
2022-08-09,25.761522,25.846236,25.448081,25.558208,473600,69.228271,66.494324,41.025066,20.240601
2022-08-10,25.600564,25.702222,25.337951,25.354895,386400,68.743172,66.985283,40.120392,20.240000
2022-08-11,25.354895,25.668336,25.354895,25.498909,459100,69.895256,66.824600,41.229595,20.015100
2022-08-12,25.592094,25.829293,25.405724,25.465023,424800,70.848091,67.404846,43.062557,19.933201
2022-08-15,25.337953,25.659867,25.227825,25.625980,715600,71.073318,68.074333,43.479485,19.853630
2022-08-16,25.524323,26.439234,25.431139,25.888594,821100,71.107956,68.842033,43.149090,19.808300
2022-08-17,25.778465,25.778465,24.863555,25.465023,962600,70.241745,68.645645,43.487358,19.903540
2022-08-18,25.566680,25.736107,25.414194,25.736107,439800,70.839432,68.877716,44.100967,19.970400
2022-08-19,25.558210,25.871652,25.498910,25.829294,424200,70.813446,68.654556,43.841362,20.130159
2022-08-22,25.668337,25.668337,24.829669,25.075340,913900,69.687347,67.958275,43.566025,20.189051
2022-08-23,25.016041,25.253239,24.905912,25.041454,747800,69.150291,67.663704,41.520672,20.126900
2022-08-24,24.956738,25.321008,24.905910,25.058395,549200,68.890442,67.833305,42.590553,19.983681
2022-08-25,25.016040,25.422667,25.007568,25.363367,587200,69.332214,68.145760,43.377224,19.902599
2022-08-26,25.329481,25.524323,24.668713,24.711069,678500,67.833649,66.458618,43.141224,19.919100
2022-08-29,24.567054,24.880496,24.355269,24.617882,562700,67.270630,66.351501,43.448021,20.067801
2022-08-30,24.660241,24.761897,24.482340,24.567055,609100,66.473679,65.664116,42.802952,19.984800
2022-08-31,24.541641,24.668713,24.075714,24.118071,830000,65.689392,65.262459,42.173607,20.127300
2022-09-01,23.855456,23.872399,23.262458,23.821571,1106700,65.201363,65.628433,41.001469,20.186661
2022-09-02,23.940172,24.202785,23.609788,23.686029,877500,65.027077,64.771500,42.519749,20.166901
2022-09-05,23.940172,24.202785,23.609788,23.686029,0,65.027077,64.771500,42.519749,20.166901
2022-09-06,23.669087,23.686029,22.830419,22.923603,1051700,63.667629,64.405495,41.504936,19.965599
2022-09-07,22.881247,23.601316,22.618634,23.516602,1041100,64.382210,65.565948,43.550289,20.131500
2022-09-08,23.347173,23.465774,22.881247,23.067617,949600,64.434509,65.396355,44.706707,19.981800
2022-09-09,23.237045,23.626729,23.177746,23.355644,827800,65.854965,66.039078,45.572048,19.933500
2022-09-12,23.398003,24.092658,23.398003,23.762272,757800,65.846237,66.297935,45.988976,19.859100
2022-09-13,23.253989,23.355645,22.466148,22.567804,857300,63.815773,64.084129,44.698830,19.830021
2022-09-14,22.567803,22.660989,21.915507,22.101877,681100,62.996616,64.057350,46.335121,20.031900
2022-09-15,22.127292,22.169649,21.644421,21.729136,669800,62.831055,63.521755,45.029240,19.951599
2022-09-16,21.568179,21.788436,21.407224,21.517351,1681600,62.752625,63.673512,44.722443,20.080999
2022-09-19,21.491939,21.915509,21.398753,21.686781,855100,63.127342,64.096695,45.485516,20.030220
2022-09-20,21.534293,21.678307,21.229323,21.347923,808900,62.595757,63.746292,45.800182,19.903099
2022-09-21,21.424168,21.602066,21.059897,21.068369,750800,62.151340,63.503704,47.884869,19.976299
2022-09-22,21.009067,21.220852,20.848111,21.119196,851700,61.881187,63.413857,47.680328,20.044100
2022-09-23,20.788811,20.788811,20.000971,20.382183,607200,60.948730,62.335690,47.648865,19.919201
2022-09-26,20.331356,20.407599,19.501159,19.636702,1400100,60.085995,62.380619,46.948727,20.211260
2022-09-27,19.848486,20.627855,19.628230,19.814600,759600,59.746151,61.302448,47.617397,20.370741
2022-09-28,19.831543,20.111099,19.662114,20.009443,653800,59.772293,62.039204,47.460072,20.368629
2022-09-29,19.941673,19.941673,19.272431,19.679058,756200,58.255966,61.014954,46.154186,20.184950
2022-09-30,19.712943,20.119569,19.467271,19.501158,655900,57.454239,59.954765,43.731228,20.124559
2022-10-03,19.967085,19.967085,19.619758,19.653645,578700,58.142681,60.987988,43.290688,20.117390
2022-10-04,19.958613,20.195813,19.823071,20.026384,862600,58.787556,61.913433,43.448021,20.006701
2022-10-05,19.721415,19.848486,19.153831,19.213131,746200,58.072971,61.554031,43.951496,19.965191
2022-10-06,19.221603,19.221603,18.704847,18.764147,604800,57.096947,60.655567,42.504013,20.033800
2022-10-07,18.586248,18.586248,17.908535,18.306692,1011100,55.676506,59.748104,42.189342,20.100100
2022-10-10,18.450707,18.637077,17.925479,18.137264,545100,55.859505,59.963726,43.392960,20.029800
2022-10-11,18.001722,18.382935,17.874651,18.154207,630600,55.728794,60.457882,43.471622,19.940300
2022-10-12,18.255863,18.298221,17.984779,18.077965,586000,55.580635,60.781349,45.587780,20.065559
2022-10-13,17.806879,18.442234,17.662866,18.306692,659500,57.035950,61.787617,47.334187,19.973200
2022-10-14,18.340577,18.442234,17.925478,18.128792,583600,56.504372,60.673527,46.925129,19.975700
2022-10-17,18.425291,18.831918,18.391405,18.687904,616800,57.349678,61.329407,47.703930,20.015900
2022-10-18,18.772618,18.967460,18.272806,18.662491,682700,57.253811,62.129047,46.893654,19.971800
2022-10-19,18.518477,18.603190,18.010193,18.408348,580100,56.661232,61.841537,47.735397,20.018900
2022-10-20,18.484589,18.781088,18.052548,18.272804,811200,56.295223,60.979012,46.634056,20.127411
2022-10-21,18.264334,18.603190,18.171150,18.484591,509400,56.748375,61.913433,46.169914,20.042761
2022-10-24,18.670963,18.721791,18.306693,18.552362,572800,56.748375,63.027523,46.169914,19.932501
2022-10-25,18.535419,19.145360,18.399876,19.018290,749800,58.412830,63.854118,47.353760,19.908100
2022-10-26,19.187717,19.585874,18.975932,19.145361,1282700,59.101276,64.276398,46.802952,19.866600
2022-10-27,20.331355,20.543140,19.407972,19.704472,1592300,58.726559,64.330292,44.759361,19.943029
2022-10-28,19.687529,20.170399,19.594343,20.068743,942900,59.815849,65.740883,45.397987,19.840309
2022-10-31,20.026386,20.102629,19.509632,19.526573,775000,59.563137,65.354538,45.110603,19.820200
2022-11-01,19.763773,19.899315,19.458802,19.840015,820200,59.258133,65.147903,45.709312,19.793200
2022-11-02,19.721414,20.704096,19.721414,20.610910,1010700,58.770123,64.015831,45.709312,19.724899
2022-11-03,20.416070,20.458426,19.924729,20.144985,958200,58.003258,63.800190,46.252136,19.678400
2022-11-04,20.365242,20.941296,20.068743,20.924355,1334500,58.648121,64.554909,45.884930,19.670271
2022-11-07,21.009067,21.907037,20.797282,21.441109,1443400,58.613270,65.129929,47.257973,19.563360
2022-11-08,21.441109,21.796908,21.203911,21.466524,708800,59.022846,65.318611,47.625179,19.443100
2022-11-09,21.305567,21.398753,20.466899,20.534670,829600,55.868221,64.608818,46.300034,19.537621
2022-11-10,21.161553,21.542767,20.992126,21.246267,697800,57.916119,66.127213,45.805103,19.562099
2022-11-11,21.347924,21.644422,21.153081,21.474995,654400,58.743984,66.055351,42.955261,19.315510
2022-11-14,21.593593,21.661364,21.093780,21.110723,483900,56.495663,65.534225,42.284710,19.514429
2022-11-15,21.195439,21.356394,20.856583,21.042953,752400,56.068642,66.082314,42.795601,19.339199
2022-11-16,21.000596,21.102252,20.763396,20.992125,867800,56.234215,66.405754,42.947277,19.341200
2022-11-17,20.560083,21.347923,20.560083,21.229322,470500,56.983665,66.387779,42.484276,19.333340
2022-11-18,21.390281,21.534294,21.203910,21.458052,471900,57.096947,67.097572,42.667877,19.399900
2022-11-21,21.441110,22.008694,21.339454,22.008694,436000,58.168831,67.735474,45.030773,19.443199
2022-11-22,22.195064,22.508505,21.966336,22.093407,564800,58.665546,68.229645,45.485794,19.531601
2022-11-23,22.034108,22.228950,21.746080,22.203535,290400,58.508690,68.463249,45.405972,19.441910
2022-11-24,22.034108,22.228950,21.746080,22.203535,0,58.508690,68.463249,45.405972,19.441910
2022-11-25,22.237421,22.364491,22.008692,22.093407,178100,58.674274,68.508171,46.180294,19.381300
2022-11-28,21.983279,22.364491,21.864678,22.245892,770400,57.105667,68.247620,45.453861,19.343540
2022-11-29,22.279777,22.466149,22.059522,22.212006,473500,57.907394,67.987053,45.908878,19.296301
2022-11-30,22.195063,22.195063,21.703722,22.161177,774800,58.179504,69.352745,46.523556,19.232000
2022-12-01,22.271306,22.364491,21.576650,21.593594,1031700,57.477299,69.038254,46.403816,19.264851
2022-12-02,21.458053,22.144236,21.458053,22.084936,736000,57.951279,69.352745,47.329815,19.128300
2022-12-05,21.873150,21.873150,21.280153,21.356394,599100,56.854053,68.481209,47.058399,19.382990
2022-12-06,21.347924,21.474995,21.085310,21.144609,709700,56.309834,68.058937,47.154190,19.721399
2022-12-07,21.119195,21.458051,21.000596,21.347923,951600,55.949936,68.346436,47.385696,19.754400
2022-12-08,21.407224,21.551238,21.059897,21.127668,811500,56.055271,68.714806,47.162174,19.666901
2022-12-09,21.000599,21.305568,20.746456,20.780342,623300,55.958717,68.184731,46.427757,19.621559
2022-12-12,20.771870,20.771870,20.509255,20.593969,577400,56.643383,68.903496,46.651272,19.786699
2022-12-13,20.958239,20.966710,20.068742,20.144985,997900,56.687279,68.804657,45.709312,19.847300
2022-12-14,20.204285,20.568556,20.068743,20.407598,1067100,56.485382,68.759727,45.445885,19.542021
2022-12-15,20.263586,20.297471,19.755302,19.806129,736200,54.922932,67.591736,46.523556,19.609400
2022-12-16,19.551989,19.907787,19.119947,19.848488,2160100,54.282150,67.259308,47.920540,19.749599
2022-12-19,19.797658,19.797658,19.086060,19.314787,805300,53.378036,67.216774,48.758732,19.796909
2022-12-20,19.306317,19.890842,19.196188,19.594343,730000,53.878357,67.162460,49.644814,19.787600
2022-12-21,19.696002,20.026386,19.458803,19.848488,792300,53.334137,67.832108,49.956139,19.754200
2022-12-22,19.840015,19.933201,19.568931,19.856958,533800,53.439468,67.678268,50.355278,19.659590
2022-12-23,19.882372,20.297470,19.882372,20.161928,388600,53.852036,68.031166,51.592602,19.559500
2022-12-26,19.882372,20.297470,19.882372,20.161928,0,53.852036,68.031166,51.592602,19.559500
2022-12-27,20.204285,20.441483,20.017914,20.390656,360500,54.150475,68.356956,50.914070,19.363070
2022-12-28,20.399126,20.509254,20.026384,20.026384,386700,53.711594,67.506340,49.644814,19.462099
2022-12-29,20.094156,20.382184,20.051800,20.094156,320000,54.238255,67.795906,42.444355,19.422300
2022-12-30,20.017914,20.136515,19.780716,20.102629,909900,54.642040,67.461098,43.466156,19.457600
2023-01-02,20.017914,20.136515,19.780716,20.102629,0,54.642040,67.461098,43.466156,19.457600
2023-01-03,20.102629,20.331357,19.865431,20.161928,630600,55.827045,67.207710,44.296371,19.458799
2023-01-04,20.305940,20.695626,20.195813,20.382183,800900,56.625832,67.470139,45.685360,19.407600
2023-01-05,20.314413,21.314038,20.297470,21.085310,1748100,56.494167,66.791458,44.591721,19.386801
2023-01-06,21.314039,21.813852,21.136141,21.652895,967000,57.995174,68.574135,43.865299,19.318550
2023-01-09,21.635952,21.839266,21.407224,21.559710,787800,57.679173,67.904503,42.037231,19.124300
2023-01-10,21.568179,21.686780,21.364866,21.381809,675400,57.565056,67.814018,42.795601,19.124500
2023-01-11,21.390281,21.508880,21.170024,21.339453,514100,57.766956,67.850204,41.909519,19.059601
2023-01-12,21.466524,21.796908,21.339453,21.559710,719500,56.906723,67.316299,43.697655,18.942400
2023-01-13,21.551237,21.915508,21.534294,21.873150,624200,57.038399,67.633018,43.186756,18.844311
2023-01-16,21.551237,21.915508,21.534294,21.873150,0,57.038399,67.633018,43.186756,18.844311
2023-01-17,21.856207,22.364491,21.856207,22.254364,525600,57.371948,67.678268,44.990864,18.777901
2023-01-18,22.228949,22.466149,21.432637,21.458052,851100,56.064049,65.832260,44.176624,18.641500
2023-01-19,21.432637,21.830794,21.127668,21.796907,978100,55.730488,65.207855,44.479961,18.874060
2023-01-20,21.881622,22.067992,21.695252,22.034107,637400,56.792618,65.714607,43.641777,18.982700
2023-01-23,22.110350,22.440734,22.084935,22.169649,685700,58.065399,65.922737,43.841343,18.857771
2023-01-24,22.169651,22.262837,21.991751,22.008694,547100,57.266609,66.194221,43.973114,18.813259
2023-01-25,22.178122,22.339079,21.644423,21.652895,732000,57.766956,66.357094,44.185902,18.783600
2023-01-26,21.652895,21.661366,21.254739,21.330982,571100,57.486061,66.121834,44.840622,18.776199
2023-01-27,21.220853,21.220853,20.509255,21.068369,952100,57.687946,65.931801,45.037033,18.796700
2023-01-30,20.958240,20.958240,20.128043,20.153458,910800,56.265930,66.013237,45.953659,18.768749
2023-01-31,20.246642,20.593969,20.187342,20.568556,1026900,57.714291,66.728119,46.829353,18.758600
2023-02-01,20.602442,20.881998,20.356772,20.721041,986400,57.170048,67.262024,46.788429,18.842871
2023-02-02,20.670212,21.102253,20.551612,21.042953,762300,57.170048,66.682877,44.799706,18.582899
2023-02-03,21.059895,21.127666,20.416069,20.433012,731400,56.204498,66.420433,44.578735,18.641399
2023-02-06,19.696001,20.255113,19.696001,20.246641,921500,53.615028,66.501884,44.775150,18.990870
2023-02-07,20.221227,20.221227,19.755300,20.000971,609500,53.904701,66.221375,44.398682,19.167999
2023-02-08,19.882371,20.017914,19.628230,19.916258,1030600,52.649471,65.714607,43.694851,18.881500
2023-02-09,19.501159,21.712193,19.314787,21.356394,2425300,53.228813,65.425056,43.482063,18.934450
2023-02-10,21.271683,22.067993,20.619385,20.636328,2048800,53.009354,66.031342,43.883087,18.778299
2023-02-13,20.619383,21.153080,20.416069,20.797281,901800,53.509701,66.782410,44.472340,18.678400
2023-02-14,20.737983,20.881997,20.407599,20.416071,1146100,53.448261,66.176117,44.979755,18.565041
2023-02-15,20.331357,20.848112,20.331357,20.771870,626800,53.764263,66.302803,46.330132,18.504801
2023-02-16,20.644798,20.805754,20.373712,20.704098,732300,53.272697,65.823212,47.827812,18.584551
2023-02-17,20.670212,21.271682,20.670212,21.085310,832000,53.869595,66.673813,50.217571,18.548719
2023-02-20,20.670212,21.271682,20.670212,21.085310,0,53.869595,66.673813,50.217571,18.548719
2023-02-21,20.941296,21.136139,20.771869,20.941296,628500,53.299034,66.420433,48.695324,18.385201
2023-02-22,20.814225,21.127667,20.636326,20.856583,1384200,54.194370,66.320908,48.687141,18.429899
2023-02-23,20.915883,21.432637,20.814225,21.000597,743300,54.738602,66.239456,48.613491,18.364580
2023-02-24,20.788812,21.153081,20.729511,20.941296,681500,53.746696,65.796051,47.786892,18.368660
2023-02-27,20.983654,21.136139,20.475369,20.526197,741100,53.026924,65.723671,47.541378,18.391331
2023-02-28,20.509254,21.026010,19.797658,19.814600,1534300,52.416397,65.180717,46.485622,18.366899
2023-03-01,19.823072,20.331356,19.763772,20.094156,913000,52.460640,64.701134,46.682041,18.300940
2023-03-02,20.034855,20.610910,19.941671,20.610910,633400,52.257126,65.587921,46.968487,18.115971
2023-03-03,20.661740,20.661740,20.373712,20.509254,405600,52.407555,65.642220,46.657490,18.105301
2023-03-06,20.449954,20.602440,20.136514,20.204285,561400,51.982834,65.814163,46.411964,17.978001
2023-03-07,20.238172,20.339829,19.797660,20.051802,454600,51.646610,65.162621,46.043686,18.001350
2023-03-08,20.017914,20.263585,19.907787,20.238171,419800,51.770481,65.271217,45.724503,18.100100
2023-03-09,20.280529,20.678684,20.060272,20.077215,801100,51.000694,64.664925,45.708138,17.970751
2023-03-10,19.992500,20.322884,19.823071,20.144985,866200,50.416729,64.348213,45.896370,18.329639
2023-03-13,20.144986,20.339828,19.806129,19.992500,622800,50.620224,64.673973,44.758789,18.317030
2023-03-14,20.280529,20.644799,20.204286,20.577028,927500,50.699856,65.262161,45.233456,18.919081
2023-03-15,20.314415,20.348301,19.865431,20.111101,1207600,51.443100,65.687469,44.840622,18.600500
2023-03-16,20.034857,20.517726,19.899315,20.034857,899400,51.788181,65.732697,44.881550,18.991899
2023-03-17,19.890843,19.941673,19.501160,19.602816,2082200,51.797024,65.253113,44.595108,18.769390
2023-03-20,19.696001,19.933200,19.391030,19.535044,742000,51.823570,66.157829,44.816063,18.843420
2023-03-21,19.704473,19.721416,19.128417,19.221603,925900,51.522728,66.103279,44.505077,18.814600
2023-03-22,19.187717,19.247016,18.654019,18.662491,982300,50.611378,65.494057,44.136787,18.624050
2023-03-23,18.721791,18.747204,18.018665,18.077965,1043900,49.620388,65.239471,44.079498,18.593361
2023-03-24,18.010193,18.840390,17.883123,18.628605,1069500,50.487511,66.348778,44.570549,18.567900
2023-03-27,18.738733,19.052174,18.721790,18.840389,478400,51.310387,66.703384,45.233456,18.427059
2023-03-28,18.772619,18.899690,18.662492,18.730263,462600,51.186508,66.821571,44.415047,18.318600
2023-03-29,18.891217,19.255487,18.814974,19.035231,456700,51.540428,67.194382,47.434978,18.219200
2023-03-30,19.060646,19.263960,19.001347,19.221603,522500,51.602367,67.385330,49.088169,18.094030
2023-03-31,19.323259,19.645173,19.289374,19.636702,633600,52.487186,67.930885,49.832912,18.089550
2023-04-03,19.602816,20.000973,19.450331,19.984030,788300,52.566807,68.285484,49.931118,18.039150
2023-04-04,19.975556,20.094155,19.272430,19.450329,624600,52.805714,68.149094,46.534729,18.087570
2023-04-05,19.416446,19.450330,19.145361,19.187717,536100,53.053463,68.467346,45.323483,18.112499
2023-04-06,19.230074,19.416444,19.145360,19.391029,827500,52.743774,68.521904,45.593555,18.308800
2023-04-07,19.230074,19.416444,19.145360,19.391029,0,52.743774,68.521904,45.593555,18.308800
2023-04-10,19.340203,19.704473,19.297846,19.619759,629400,54.017914,68.521904,46.256470,18.134701
2023-04-11,19.763773,19.975558,19.568931,19.840015,411300,54.902725,68.721939,47.107620,18.143101
2023-04-12,19.941671,20.017912,19.662114,19.823071,387800,54.486866,68.412788,46.722958,18.158899
2023-04-13,19.848486,19.975557,19.679058,19.873899,472200,54.584183,68.794670,45.896370,18.055099
2023-04-14,19.865430,20.094157,19.662115,19.797659,549700,53.814404,68.358238,45.307117,18.018999
2023-04-17,19.806129,19.806129,19.484216,19.679058,484800,54.362988,68.794670,45.863636,17.992880
2023-04-18,19.746828,19.772243,19.441859,19.450329,398900,53.858646,69.003830,46.772072,18.032200
2023-04-19,19.450330,19.467274,19.247017,19.365618,397000,54.522259,68.958351,46.281017,18.043489
2023-04-20,19.247016,19.297846,18.942047,19.136889,468900,53.849796,69.122009,45.708138,18.040501
2023-04-21,19.255488,19.255488,18.882747,18.899689,457800,53.973667,69.622116,44.636017,17.997910
2023-04-24,19.060646,19.069118,18.764147,18.882748,511900,53.894039,69.903976,44.472340,17.997141
2023-04-25,18.704847,18.704847,18.365991,18.484591,647000,53.973667,69.813065,42.432999,17.965200
2023-04-26,18.501533,18.560833,18.018664,18.221977,1212400,53.398537,69.267494,42.313587,18.040400
2023-04-27,17.942423,18.764148,17.442610,18.696377,1952300,54.221416,70.040375,41.042728,18.158550
2023-04-28,19.052175,19.645173,18.806505,19.323259,1107500,55.292046,70.413185,40.513920,18.024500
2023-05-01,19.221603,19.484216,18.814975,18.882748,944200,55.150471,70.467720,39.899811,17.991400
2023-05-02,18.806506,18.806506,18.179621,18.442236,980000,53.920574,70.276779,39.575703,17.937691
2023-05-03,18.569306,18.916633,18.340578,18.476120,751600,53.584354,69.703934,40.530975,17.974270
2023-05-04,18.416819,18.662490,18.213506,18.637075,776700,53.203884,69.531189,41.520363,17.956100
2023-05-05,18.764146,19.433387,18.560833,19.272430,967600,53.699379,70.176758,43.004456,17.899380
2023-05-08,18.967460,19.213131,18.908160,19.213131,1041300,44.886627,69.967613,41.452141,17.766270
2023-05-09,19.128417,19.128417,18.764147,18.984404,474100,43.196629,69.749405,39.814514,17.787580
2023-05-10,19.077590,19.103003,18.798033,18.984404,434100,41.834019,69.640274,40.701561,17.743500
2023-05-11,18.865805,19.179246,18.704848,19.145361,352900,43.656738,69.849419,40.855083,17.537201
2023-05-12,19.170773,19.399502,19.069118,19.179245,555400,43.240868,70.122208,40.130096,17.574699
2023-05-15,19.280903,19.365617,19.035231,19.340202,446000,43.771767,69.949440,39.848644,17.596251
2023-05-16,19.238545,19.289375,18.984404,19.162304,570000,43.532864,69.358429,39.584229,17.433100
2023-05-17,19.162304,19.823072,19.128418,19.797659,1005600,44.346897,69.322044,40.727154,17.480301
2023-05-18,19.704472,20.187341,19.619757,20.000971,781100,44.214165,68.985619,40.906261,17.606770
2023-05-19,20.085683,20.238169,19.958613,20.119570,926700,44.205322,69.031082,41.042728,17.715700
2023-05-22,20.102628,20.221229,19.704473,19.840015,652900,44.338043,67.985420,41.076847,17.746099
2023-05-23,19.814602,20.153459,19.780717,20.051802,887900,45.718349,67.485344,41.614189,17.879900
2023-05-24,20.043329,20.161928,19.882372,20.153458,993700,45.806839,67.048889,41.221848,17.958200
2023-05-25,20.119571,20.144986,19.518103,19.662115,1572100,45.797993,66.539726,42.279465,17.799931
2023-05-26,19.619758,19.636701,18.764146,19.196188,1081900,46.019184,66.767029,41.469189,17.846300
2023-05-29,19.619758,19.636701,18.764146,19.196188,0,46.019184,66.767029,41.469189,17.846300
2023-05-30,19.128417,19.238544,18.975931,19.094532,573400,46.346573,66.003242,40.496864,17.598820
2023-05-31,19.094533,19.230075,18.747204,18.806505,925300,45.221397,66.075981,40.556568,17.655701
2023-06-01,18.840389,18.899688,18.535418,18.654018,873600,45.194607,66.021454,40.130096,17.676500
2023-06-02,18.865805,19.484217,18.865805,19.247017,511000,45.846489,66.930710,40.565090,17.538799
2023-06-05,19.153832,19.450330,19.086061,19.119946,778100,45.105301,66.685204,40.164219,17.550400
2023-06-06,19.094533,19.475745,19.094533,19.348675,999200,45.042789,66.348778,40.053337,17.445900
2023-06-07,19.348673,19.856957,19.263959,19.585873,1120400,45.837563,66.130547,40.906261,17.367701
2023-06-08,19.551987,19.670586,19.230075,19.382559,429700,45.417854,66.585175,41.349789,17.355289
2023-06-09,19.374088,19.374088,18.992875,19.119946,387200,44.980286,66.476067,42.143002,17.372200
2023-06-12,19.145360,19.628230,19.060646,19.535044,703700,45.230335,66.457878,42.305058,17.270901
2023-06-13,19.560459,19.856958,19.374089,19.399502,753900,44.882053,66.730675,41.622719,17.284180
2023-06-14,19.501159,19.501159,18.925104,18.984404,528600,44.435555,67.139824,42.202702,17.233789
2023-06-15,18.992875,19.009818,18.662491,18.704847,1109800,44.837399,67.812691,42.364761,17.127399
2023-06-16,18.806505,18.814975,18.272806,18.349049,1413600,44.998146,67.894508,40.701561,17.126369
2023-06-19,18.806505,18.814975,18.272806,18.349049,0,44.998146,67.894508,40.701561,17.126369
2023-06-20,18.315162,18.374462,18.061019,18.213505,785600,44.498066,67.378052,39.302769,17.073000
2023-06-21,18.137263,18.289748,18.094907,18.103378,896400,45.069588,67.616142,38.415722,17.203640
2023-06-22,18.162679,18.162679,17.789937,18.120321,1093500,45.016003,68.009880,38.407192,17.117500
2023-06-23,18.035607,18.171149,17.595094,17.662865,1329000,44.203384,67.561188,37.886909,17.170000
2023-06-26,17.637451,17.756050,17.442609,17.671337,915000,44.855267,67.652740,38.646015,17.147100
2023-06-27,17.739109,17.823823,17.171525,17.264709,1541300,44.614151,67.854218,37.886909,17.117001
2023-06-28,17.264708,17.933949,16.908909,17.840763,1813700,44.498066,67.396370,38.083096,17.076500
2023-06-29,17.840764,18.128792,17.696750,17.713694,961400,45.266045,67.332253,38.245140,17.082899
2023-06-30,17.823822,18.391404,17.705222,18.205034,1391600,45.578587,67.918304,38.381603,17.106100
2023-07-03,18.255863,18.442235,18.094907,18.349049,272000,46.266209,68.449448,39.157761,17.120810
2023-07-04,18.255863,18.442235,18.094907,18.349049,0,46.266209,68.449448,39.157761,17.120810
2023-07-05,18.349050,18.569307,18.171151,18.442236,842700,46.328709,68.330399,38.543659,17.035500
2023-07-06,18.349049,18.484591,18.137264,18.450706,728900,46.525169,68.156403,38.168373,17.006081
2023-07-07,18.493063,18.789562,18.365992,18.510006,981200,46.221554,67.268158,37.622505,17.231609
2023-07-10,18.526949,18.670963,18.281278,18.391405,653100,45.453575,67.249847,37.426338,17.147850
2023-07-11,18.493063,19.060647,18.442235,19.052176,823000,46.141174,67.350578,37.528683,17.044800
2023-07-12,19.179245,19.746829,19.179245,19.594343,1715100,46.596615,67.506241,37.298389,17.028900
2023-07-13,20.348298,21.432636,20.263584,21.314037,2645400,47.302086,67.790115,37.673676,16.896429
2023-07-14,21.347924,21.466523,20.856583,21.042953,1000300,46.730560,68.019051,37.298389,16.846630
2023-07-17,21.076839,21.263211,20.610913,21.076839,1446900,46.328709,67.817581,37.486038,16.738701
2023-07-18,21.102253,21.407224,20.551612,20.746454,1051400,45.980446,67.744339,37.895435,16.713699
2023-07-19,20.932824,21.110724,20.780340,20.856583,755900,46.676983,68.431129,37.776031,16.752150
2023-07-20,20.856583,20.932824,20.551612,20.856583,611000,46.882378,69.017181,37.776031,16.711870
2023-07-21,20.898940,20.915883,20.585497,20.627855,630600,47.025249,69.255257,37.622505,16.865900
2023-07-24,20.687155,20.865054,20.517727,20.653269,759500,47.748581,69.520805,38.501015,16.974300
2023-07-25,20.644798,20.695626,20.263585,20.466898,758700,48.427246,69.502495,38.441307,16.826099
2023-07-26,20.458425,20.721038,20.449954,20.492311,1117600,49.150589,69.584915,38.705719,16.926701
2023-07-27,20.983655,21.347926,20.009445,20.839642,1440900,49.480991,68.971390,38.330425,16.862440
2023-07-28,21.051425,21.178495,20.627855,20.822697,793500,50.320408,69.685661,39.430702,16.847099
2023-07-31,20.848112,21.212382,20.754926,20.983654,1013300,49.757824,69.365143,39.396591,16.680901
2023-08-01,20.958239,21.085310,20.602440,20.881996,688600,49.400623,68.989693,38.944534,16.738100
2023-08-02,20.729511,21.178496,20.729511,20.966711,569400,49.480991,69.236931,39.174828,16.873529
2023-08-03,21.042953,21.364865,20.670211,21.136139,750100,50.248966,69.044647,39.823048,17.000799
2023-08-04,21.144609,21.644422,21.144609,21.381809,677100,50.418640,68.357864,39.272541,17.318199
2023-08-07,21.068368,21.483467,20.788812,21.280153,852800,48.489773,68.916451,39.376572,17.080999
2023-08-08,21.195440,21.314039,20.941297,21.153082,655300,49.159508,68.421944,39.255203,17.064699
2023-08-09,21.144610,21.347925,21.026011,21.186968,622500,48.061123,68.522697,39.862053,17.106400
2023-08-10,21.347925,21.652894,21.322510,21.619009,725100,47.998623,68.385330,40.451584,17.059290
2023-08-11,21.619009,22.347548,21.619009,22.017164,871600,49.329189,68.495209,40.304207,17.067699
2023-08-14,21.915510,22.305193,21.568181,21.830795,819400,48.587990,68.156403,40.139484,16.993990
2023-08-15,21.847738,21.864679,21.627481,21.644423,673500,47.980751,67.423836,40.373558,17.045300
2023-08-16,21.593594,21.661365,21.347924,21.356394,655800,47.686062,67.268158,40.616299,17.128670
2023-08-17,21.432637,21.779965,21.390281,21.542767,767100,48.311165,66.617996,40.833046,17.144091
2023-08-18,21.407224,21.695252,21.263211,21.585123,556200,48.784454,66.865234,41.301182,17.097879
2023-08-21,21.644422,21.703724,21.297095,21.542767,499900,48.945198,66.416550,41.699978,17.026100
2023-08-22,21.576651,21.576651,21.076839,21.127668,619400,48.257587,66.041122,41.058441,17.012800
2023-08-23,21.102252,21.314037,20.898938,21.229322,550800,47.748581,66.480644,40.798363,16.906450
2023-08-24,21.170024,21.576650,21.127667,21.237795,453500,48.382607,65.949532,40.746346,16.779100
2023-08-25,21.254739,21.280154,21.042954,21.127668,466500,48.230789,66.315834,40.789688,16.830610
2023-08-28,21.195438,21.441108,21.042953,21.195438,373800,48.480835,66.617996,40.937069,16.718800
2023-08-29,21.263209,21.415694,21.009066,21.347923,351800,48.820171,66.856102,41.448570,16.785999
2023-08-30,21.390281,21.500409,21.229324,21.424168,450500,48.552269,66.965996,41.691315,16.786699
2023-08-31,21.398752,21.508879,21.288623,21.314037,518000,47.993687,66.627167,41.431229,16.757130
2023-09-01,21.432639,21.441110,20.907413,21.220854,429100,47.381042,66.059418,41.353210,16.998220
2023-09-04,21.432639,21.441110,20.907413,21.220854,0,47.381042,66.059418,41.353210,16.998220
2023-09-05,21.127668,21.127668,20.627855,20.644798,631700,46.984619,65.491684,41.595947,17.176081
2023-09-06,20.653268,20.780341,20.280528,20.449955,656200,46.417023,65.418442,41.249168,17.382601
2023-09-07,20.373712,20.560084,20.331356,20.509254,864800,46.245842,65.574104,42.393536,17.578899
2023-09-08,20.458428,20.822698,20.433015,20.780342,346200,46.894527,65.656509,43.000401,17.577299
2023-09-11,20.780341,21.068369,20.763398,20.907412,566200,47.354019,66.224258,42.246159,17.543140
2023-09-12,20.975181,21.059896,20.754925,20.992125,403900,47.651329,65.656509,41.093121,17.281031
2023-09-13,21.059896,21.288623,20.983653,21.136139,654900,47.606274,65.857971,40.425571,17.213400
2023-09-14,21.237796,21.568180,21.144610,21.424168,907700,48.615345,66.526451,40.165493,17.130600
2023-09-15,21.390282,21.432638,20.873526,20.975183,2328000,49.137886,65.977005,39.948765,17.106359
2023-09-18,21.068369,21.068369,20.509255,20.670212,875500,48.561283,65.953949,40.650974,17.047400
2023-09-19,20.670213,20.670213,20.314414,20.339828,613900,48.489208,65.797234,40.989090,17.116699
2023-09-20,20.424544,20.610914,20.170401,20.170401,555800,48.038727,65.861778,40.650974,17.064859
2023-09-21,20.144985,20.144985,19.882371,19.907785,500500,47.795471,65.013611,42.159458,17.092159
2023-09-22,19.933201,19.992501,19.314788,19.323259,551700,46.056637,64.663284,41.847359,17.211100
2023-09-25,19.213132,19.441860,19.103003,19.340202,571200,45.606159,64.432800,42.168133,17.173599
2023-09-26,19.255489,19.475745,19.204661,19.348675,548600,46.191784,63.953403,42.714310,17.384399
2023-09-27,19.484217,19.645174,19.119946,19.128418,492000,45.146687,63.427914,41.847359,17.545010
2023-09-28,19.162304,19.306318,19.052175,19.128418,593800,44.984505,63.621517,42.566929,17.686951
2023-09-29,19.297846,19.458801,19.128417,19.340202,853500,45.489040,63.437138,41.977402,17.538940
2023-10-02,19.289374,19.297846,18.942047,19.119946,815900,44.362854,63.003834,41.197155,17.395399
2023-10-03,19.009819,19.577403,18.916633,19.543516,1586000,44.218700,62.552086,41.179813,17.662500
2023-10-04,19.551986,19.890842,19.263958,19.823071,1380900,43.561001,63.049931,38.180191,18.009399
2023-10-05,19.958615,20.390657,19.848488,19.924730,1146000,43.398834,61.805344,38.206203,17.978100
2023-10-06,19.780714,19.967085,19.416444,19.645172,864000,42.732124,61.464233,39.879406,18.278139
2023-10-09,19.712945,20.187343,19.712945,20.136515,704900,42.542927,61.519547,40.468918,18.228001
2023-10-10,20.178871,20.636328,20.077215,20.458427,886500,43.561001,62.146435,41.171150,18.207680
2023-10-11,20.492314,20.551613,20.204286,20.356771,825600,43.434875,61.722359,41.708656,17.934031
2023-10-12,20.373712,20.373712,19.628229,19.967085,1173800,42.443825,61.049358,42.471565,17.837170
2023-10-13,19.916259,20.390656,19.653646,20.339828,1061400,41.912262,61.584087,42.965725,17.970650
2023-10-16,20.382183,20.653268,20.144985,20.560083,661800,42.678070,62.220192,40.902390,18.049999
2023-10-17,20.627855,21.085310,20.560084,20.729511,1136300,42.524902,62.487549,39.558628,17.907009
2023-10-18,20.636326,21.017538,20.551612,20.915882,832200,42.281658,62.718040,40.312870,18.001801
2023-10-19,20.932826,21.144611,20.661741,20.721041,843200,41.975334,62.257076,40.174156,18.235201
2023-10-20,20.678682,20.924354,20.534669,20.619383,664800,41.705048,62.017376,39.775368,18.308500
2023-10-23,20.466899,20.551613,19.746830,19.806129,1069500,40.695980,61.897522,38.587650,18.201099
2023-10-24,19.797659,20.246642,19.729888,19.840015,993800,40.966267,62.423019,39.090485,18.132299
2023-10-25,19.687530,20.000972,19.611287,19.916258,1039100,40.876167,62.635059,38.899754,18.259069
2023-10-26,20.932825,21.136140,20.305942,20.653269,1833000,41.371693,62.229420,39.298542,18.327400
2023-10-27,20.763398,21.534295,20.602441,20.788813,1741500,41.101406,61.381252,39.497952,18.136200
2023-10-30,20.966710,21.551237,20.966710,21.474995,1525900,41.687027,62.340042,39.497952,18.105490
2023-10-31,21.466522,21.695250,21.271680,21.602064,754000,41.759106,62.561302,39.286381,18.048100
2023-11-01,21.610538,21.856208,21.534295,21.703724,874100,41.867214,62.496784,41.462696,18.046700
2023-11-02,21.915508,22.178121,21.576651,21.695251,893000,42.849258,63.308048,43.110104,17.762350
2023-11-03,22.025635,22.279777,21.822322,22.169649,1269400,42.398777,63.381813,42.954033,17.527000
2023-11-06,22.161178,22.542391,21.991749,22.406849,905100,41.966320,63.483242,42.945362,17.472130
2023-11-07,22.381434,22.483092,22.186592,22.406849,743900,42.092461,63.639954,42.771957,17.535299
2023-11-08,22.372961,22.449204,21.686778,21.720663,810300,41.750088,63.391048,41.766163,17.470200
2023-11-09,21.873151,22.228950,21.703724,22.059523,770400,41.804146,63.132904,42.130329,17.525200
2023-11-10,22.195063,22.195063,21.686779,21.966335,542400,42.299667,63.575417,43.084095,17.789360
2023-11-13,21.779964,22.178121,21.779964,22.135763,660600,41.101406,63.778248,42.928017,17.656401
2023-11-14,22.364492,22.584748,22.178121,22.533920,717300,43.011425,64.432800,43.821095,17.600100
2023-11-15,22.457678,22.567805,22.135764,22.203535,839400,43.524967,64.949074,43.456928,17.332500
2023-11-16,22.195064,22.356019,21.720664,21.991749,834500,43.542992,64.147018,43.170795,17.296169
2023-11-17,22.178121,22.203534,21.881622,22.051050,843600,43.912380,64.064041,41.904900,17.225800
2023-11-20,22.000221,22.254364,21.907036,22.152706,543800,43.615055,64.017944,42.147671,17.219681
2023-11-21,22.110351,22.203535,21.856208,22.008694,605700,43.227654,64.211548,41.375992,17.110741
2023-11-22,22.067992,22.220477,21.915508,22.034107,356100,43.254681,64.672493,41.029171,17.189600
2023-11-23,22.067992,22.220477,21.915508,22.034107,0,43.254681,64.672493,41.029171,17.189600
2023-11-24,22.025636,22.135763,21.873150,22.093407,310600,43.515961,64.912209,41.549400,17.186501
2023-11-27,22.084937,22.084937,21.830795,21.890095,445300,42.876274,64.727821,40.855751,17.113859
2023-11-28,21.830793,21.830793,21.407223,21.534294,867500,43.236664,65.022835,40.335518,17.158600
2023-11-29,21.500409,21.568180,21.373338,21.508881,686800,42.425800,64.497337,41.141880,17.121000
2023-11-30,21.619010,21.754552,21.458053,21.652895,924200,42.644306,65.142685,41.549400,17.282801
2023-12-01,21.568180,21.712194,21.466524,21.686781,708000,43.882488,65.410042,42.711262,17.376301
2023-12-04,21.610538,22.203535,21.610538,22.203535,492500,45.357365,65.493004,42.936695,17.188761
2023-12-05,22.118821,22.466148,21.991749,22.466148,571600,45.466629,64.976738,43.110104,17.454100
2023-12-06,22.483091,22.516975,22.127292,22.220476,495300,45.694233,64.810783,43.326874,17.358299
2023-12-07,22.195064,22.423790,22.084934,22.364491,520800,46.923306,65.087349,44.193928,17.287460
2023-12-08,22.398379,22.415320,22.110351,22.262836,270000,46.777637,64.635635,44.826878,17.472050
2023-12-11,22.237421,22.296720,22.101879,22.195065,436000,46.650185,65.253304,44.029190,17.347099
2023-12-12,22.228949,22.279777,21.686780,21.856207,742000,45.676018,65.465340,42.390446,17.369900
2023-12-13,21.873149,22.965960,21.788435,22.838888,1105100,47.606121,66.654625,46.760422,17.303761
2023-12-14,23.016790,23.194689,22.254365,22.381435,910600,47.642544,65.677391,47.878925,17.262260
2023-12-15,22.347549,22.449207,21.754552,22.008694,1386500,47.169121,65.677391,48.069675,17.190380
2023-12-18,22.051050,22.398377,21.915508,22.152706,749300,47.078075,66.361076,47.852909,17.221201
2023-12-19,22.313663,22.627104,22.169649,22.491562,617000,47.132706,66.491104,49.361591,17.162701
2023-12-20,22.406848,22.805004,22.084934,22.423790,585100,46.577343,65.199928,47.878925,17.059799
2023-12-21,22.576276,22.703347,22.339078,22.686405,546500,47.032558,65.655098,48.624596,17.133169
2023-12-22,22.686405,22.830419,22.669462,22.728762,306000,47.287476,66.156700,49.170834,17.031269
2023-12-25,22.686405,22.830419,22.669462,22.728762,0,47.287476,66.156700,49.170834,17.031269
2023-12-26,22.720290,22.889719,22.610162,22.847361,214900,47.733578,66.435364,49.110146,16.975201
2023-12-27,22.889718,23.152331,22.745704,23.033731,503300,48.088646,66.741898,49.144829,16.973600
2023-12-28,23.093031,23.499658,23.033732,23.355644,586500,48.862514,66.769791,49.994545,16.913601
2023-12-29,23.389532,23.584374,23.152332,23.431889,723100,48.935349,66.909119,49.760441,16.951200
2024-01-01,23.389532,23.584374,23.152332,23.431889,0,48.935349,66.909119,49.760441,16.951200
2024-01-02,23.245518,24.109599,23.101504,24.058771,791600,50.555901,67.661530,49.144829,16.962509
2024-01-03,23.991000,24.016415,23.635201,23.719915,739200,49.718311,67.132050,47.566784,17.019400
2024-01-04,23.719915,23.728387,23.321760,23.719915,993600,49.308620,67.039177,48.815338,17.012150
2024-01-05,23.728387,24.126543,23.643673,23.982529,859600,50.000542,66.890549,47.956963,17.008600
2024-01-08,24.067243,24.583999,23.982529,24.482342,907500,49.982330,67.382858,47.896271,16.880939
2024-01-09,24.473868,24.516226,24.287498,24.321383,514100,50.373817,67.559357,47.211288,16.833700
2024-01-10,24.338327,24.533169,24.109599,24.151957,541400,49.618164,67.420029,47.289326,16.966660
2024-01-11,24.033358,24.058771,23.702973,23.923229,474000,49.417873,67.410721,47.029217,16.981661
2024-01-12,24.109598,24.185841,23.728387,23.974056,523800,49.955021,67.624367,47.610130,16.901560
2024-01-15,24.109598,24.185841,23.728387,23.974056,0,49.955021,67.624367,47.610130,16.901560
2024-01-16,23.982530,24.084187,23.821574,23.931702,459000,49.736519,67.252823,47.159267,16.884800
2024-01-17,23.728386,24.109598,23.677558,24.007942,516000,49.445183,67.206383,46.925159,17.197901
2024-01-18,23.957116,24.143487,23.830044,23.991001,336600,48.771473,67.122765,47.072559,17.192600
2024-01-19,23.991000,23.991000,23.482716,23.626730,459000,48.343567,66.927689,46.951172,17.168360
2024-01-22,23.592845,23.796158,23.237046,23.677559,717400,47.842834,66.602585,47.740192,17.093149
2024-01-23,23.736858,23.931700,23.508130,23.635201,460500,48.580280,67.327133,47.549450,17.174700
2024-01-24,23.686028,23.686028,23.194687,23.211630,567700,48.416397,66.500389,47.419376,17.306061
2024-01-25,23.296344,23.381059,23.084559,23.135387,610900,49.199368,67.141342,48.763325,17.234159
2024-01-26,23.203159,23.423416,23.203159,23.338701,534400,50.064270,67.466469,48.693951,17.189501
2024-01-29,23.406472,23.525072,23.279401,23.508129,403800,49.763832,67.856606,47.731522,17.168619
2024-01-30,23.414944,23.558958,23.287873,23.516602,227200,50.128006,68.237442,48.301517,17.219561
2024-01-31,23.499658,23.567429,22.974432,23.016788,332600,49.854870,67.735840,48.153801,17.152710
2024-02-01,22.957489,23.304816,22.779589,23.296345,700400,51.557365,69.119911,48.744648,17.217529
2024-02-02,23.245518,23.321760,22.889719,22.906662,554800,51.311550,68.896973,49.474510,17.067499
2024-02-05,23.169273,23.440358,22.813474,22.830418,749700,52.349434,68.469681,48.553490,17.150690
2024-02-06,22.830419,22.881247,22.703347,22.805004,492300,50.428436,68.627579,48.805466,17.109100
2024-02-07,22.813476,23.143860,22.466149,22.991375,662700,49.108326,68.562576,48.449223,17.028000
2024-02-08,22.974434,23.135390,22.881249,23.118448,325400,49.135639,68.543991,48.223316,17.045401
2024-02-09,23.194687,23.203159,23.025260,23.135387,544300,47.870144,67.912331,48.275448,17.131701
2024-02-12,23.135389,23.914758,23.135389,23.745331,799100,47.842834,68.395363,48.735954,17.075430
2024-02-13,23.626730,23.770744,23.355646,23.728388,666400,46.987038,67.661530,47.754116,17.067760
2024-02-14,23.728388,23.830044,23.372589,23.787687,548400,47.323887,67.531479,48.562187,17.202009
2024-02-15,23.863930,24.439985,23.711444,24.219728,599300,47.861034,67.968063,49.604851,17.075199
2024-02-16,24.092656,24.363741,23.906285,24.185841,389900,48.361778,68.070244,49.813377,17.040171
2024-02-19,24.092656,24.363741,23.906285,24.185841,0,48.361778,68.070244,49.813377,17.040171
2024-02-20,24.101128,24.761896,23.965585,24.677181,699300,49.208473,68.785515,50.673584,17.034201
2024-02-21,24.736485,24.770370,24.490814,24.550114,391400,48.862514,69.036301,49.787315,17.059799
2024-02-22,24.524700,24.524700,24.228201,24.363743,417600,48.334461,69.249962,49.882893,17.033100
2024-02-23,24.329856,24.583999,24.135014,24.456928,889900,48.989967,69.463608,49.891579,17.107340
2024-02-26,26.261334,26.464647,25.414194,26.422291,2749900,49.272202,69.184937,50.777851,17.113930
2024-02-27,26.871275,27.642174,26.667961,27.286373,1987700,49.281303,69.194229,50.352093,17.081699
2024-02-28,27.404973,27.582875,27.142362,27.413446,1296400,49.062801,69.268532,49.874203,17.066959
2024-02-29,27.515102,27.532045,26.523948,26.972933,1403300,49.834576,69.157059,49.952408,17.087299
2024-03-01,26.964461,27.210130,26.744204,27.184717,1015200,48.879047,69.166359,48.483978,17.050060
2024-03-04,27.184717,27.320259,26.769618,26.981403,685100,49.044430,69.222092,49.231224,17.009371
2024-03-05,27.108474,27.540514,26.939046,27.362616,738100,49.347630,69.389297,49.396317,16.955070
2024-03-06,27.371089,27.379559,26.879746,27.083059,502600,49.062798,69.974525,49.674355,16.932100
2024-03-07,27.167775,27.489689,26.913634,27.438860,858700,49.310875,70.373947,49.995846,16.867800
2024-03-08,27.388034,27.489689,27.159305,27.438860,435100,49.715137,69.816597,50.256516,16.864700
2024-03-11,27.591344,28.057270,27.464272,27.837015,952800,51.203552,70.197449,50.821293,16.803619
2024-03-12,27.760773,28.480841,27.743830,28.277529,1379200,50.891167,70.559708,51.559853,16.798969
2024-03-13,28.413071,28.540140,27.659117,27.938671,1075800,51.332188,70.736221,51.611984,16.784300
2024-03-14,27.896315,28.607913,27.803129,28.599440,675800,51.497566,70.188148,51.611984,16.669331
2024-03-15,28.574027,28.794285,28.252112,28.540140,1128400,51.589447,70.160294,51.620667,16.701860
2024-03-18,28.599440,28.734982,28.421541,28.599440,586400,51.534313,70.611320,52.515625,16.720400
2024-03-19,28.650267,28.785809,28.345296,28.438482,499700,52.526600,70.873329,52.758915,16.830860
2024-03-20,28.379184,28.616382,28.167399,28.565556,519900,53.013554,71.088547,53.566978,16.799900
2024-03-21,28.709569,28.785812,28.548614,28.718042,775700,53.353500,71.125969,53.732071,16.667700
2024-03-22,28.819698,28.912883,28.658742,28.675682,448700,53.335129,70.779755,53.149910,16.726801
2024-03-25,28.751924,28.972182,28.692624,28.938295,341000,53.702641,70.583252,51.785759,16.758301
2024-03-26,28.921353,29.116195,28.887467,29.065369,413100,53.445377,70.620682,51.664116,16.670700
2024-03-27,29.209381,29.370336,29.124668,29.302567,349600,54.033401,71.359924,50.934246,16.631599
2024-03-28,29.344924,29.480466,28.963710,29.073839,677100,53.959892,71.453491,51.134090,16.550699
2024-03-29,29.344924,29.480466,28.963710,29.073839,0,53.959892,71.453491,51.134090,16.550699
2024-04-01,29.150082,29.429640,28.853584,29.234795,586800,53.151360,70.882690,50.873421,16.555450
2024-04-02,29.387279,29.988750,29.141611,29.734606,907000,52.921673,70.517754,51.186230,16.608801
2024-04-03,29.751550,29.887092,29.336453,29.404222,1224200,53.114620,69.741081,53.036957,16.549900
2024-04-04,29.370336,29.768492,29.302566,29.497408,458000,54.648979,69.441628,54.566196,16.527000
2024-04-05,29.505884,29.734608,29.404224,29.717669,466600,54.253906,69.553932,54.653091,16.573200
2024-04-08,29.751550,30.064994,29.641424,29.861679,433200,54.290653,69.451004,54.670467,16.452000
2024-04-09,30.022634,30.166649,29.726136,29.912508,564900,54.584663,69.787865,54.270779,16.314301
2024-04-10,29.785437,29.878623,29.582122,29.810850,402400,53.445377,69.535217,53.445335,16.383310
2024-04-11,29.853209,30.539390,29.844736,30.497034,617100,54.520355,69.366783,52.932686,16.452499
2024-04-12,30.497034,30.624107,29.666838,29.768494,522400,53.087055,68.664970,52.533009,16.426100
2024-04-15,30.031109,30.429263,29.954866,30.014166,659000,53.399445,68.384247,52.420048,16.611080
2024-04-16,29.683780,30.166649,29.649893,30.132763,557200,53.427010,68.412315,53.784203,16.694401
2024-04-17,30.251363,30.344549,29.666838,29.887093,598300,53.822083,68.664970,52.446117,17.033340
2024-04-18,29.861679,30.361491,29.861679,30.115820,511700,54.088520,68.983124,51.455585,16.956301
2024-04-19,30.124294,30.420792,30.124294,30.302193,542400,55.080811,69.656868,52.211514,17.074961
2024-04-22,30.513977,30.895190,30.327605,30.488564,579900,55.687206,70.321236,51.872646,17.091999
2024-04-23,30.446205,30.649520,30.225950,30.259836,493900,56.027142,70.517754,51.855270,17.136980
2024-04-24,30.259836,30.598690,30.183593,30.497034,412000,56.339531,71.051125,51.108028,16.949200
2024-04-25,30.361492,30.420791,29.895565,30.395378,547500,55.944454,70.882690,50.491116,17.070101
2024-04-26,30.378434,30.547863,30.200536,30.293718,318900,55.705570,70.732964,49.413692,17.201811
2024-04-29,30.369962,30.708819,30.158177,30.615633,552400,56.008770,70.957550,50.100113,17.164049
2024-04-30,30.615633,30.649519,30.336078,30.513977,911000,55.723953,70.648750,48.921505,17.011560
2024-05-01,30.437734,30.573277,29.946392,29.980278,887200,55.393188,70.199577,48.850769,17.149920
2024-05-02,29.912509,30.869774,28.523197,30.454678,1414200,55.999584,70.789093,50.857853,16.928600
2024-05-03,30.471621,31.140859,30.471621,30.734232,910100,56.982674,71.004326,50.221245,16.961700
2024-05-06,31.200162,31.335704,30.336078,31.047676,855100,53.748577,71.041748,50.327339,16.980261
2024-05-07,31.132390,31.293345,30.878249,30.962961,651600,54.106899,71.818436,50.468822,16.883341
2024-05-08,31.030732,31.683030,30.920603,31.437359,625000,54.327412,71.603203,50.734070,16.904060
2024-05-09,31.513605,32.038831,31.471249,31.750803,632100,54.805176,72.220818,51.379520,16.916010
2024-05-10,31.699970,31.810099,31.242517,31.454302,595200,54.805176,72.632530,50.645653,16.779499
2024-05-13,31.488184,32.123539,31.310286,32.004940,577700,54.805176,72.426666,50.840176,16.767200
2024-05-14,31.996472,32.682656,31.759274,32.614883,574000,55.374817,72.286301,51.768555,16.783199
2024-05-15,32.750426,33.038454,32.377686,32.462399,664700,55.779072,72.333092,51.105423,16.844160
2024-05-16,32.462398,32.538640,31.852456,31.937172,561200,55.981209,73.362419,51.538666,16.681061
2024-05-17,32.047300,32.106599,31.310286,31.649143,664400,55.356434,73.184616,51.441414,16.678160
2024-05-20,31.683032,32.309913,31.657615,32.284500,638400,55.696388,72.679321,52.502426,16.586300
2024-05-21,32.394630,32.775840,31.886344,32.013416,619800,56.082275,73.109764,53.996677,16.552570
2024-05-22,31.827042,31.869398,30.607162,30.835890,885900,55.402378,72.819679,52.891464,16.606600
2024-05-23,30.793531,30.903660,30.115820,30.251362,780600,55.420753,71.958794,52.794205,16.661631
2024-05-24,30.251364,31.005318,30.098879,30.869776,679400,54.860302,72.145943,53.360073,16.730370
2024-05-27,30.251364,31.005318,30.098879,30.869776,0,54.860302,72.145943,53.360073,16.730370
2024-05-28,30.742706,30.903661,30.225950,30.581747,722200,53.087055,71.584511,53.519230,16.662359
2024-05-29,30.513978,31.030734,30.463149,30.844362,636200,52.710354,71.069832,53.554596,16.781401
2024-05-30,30.844360,30.912133,30.268305,30.310661,655300,52.434719,71.256981,53.156712,17.017580
2024-05-31,30.285249,30.437735,30.039578,30.437735,635500,53.055637,72.370514,54.527184,17.005819
2024-06-03,30.463148,30.607164,29.336454,29.531296,997100,52.842484,72.342445,54.040886,16.972601
2024-06-04,29.421166,29.573651,29.243267,29.361866,818500,52.582993,72.969398,53.766804,17.700430
2024-06-05,29.361865,29.438108,28.548612,28.938295,1025200,52.258640,72.810318,51.352997,17.811911
2024-06-06,28.997596,29.234794,28.836641,29.006069,497300,52.249374,73.034897,51.883495,17.503500
2024-06-07,28.921353,29.175494,28.794284,28.887466,518100,51.767467,72.669952,51.379520,17.879959
2024-06-10,28.887468,29.217855,28.751926,28.963711,609400,51.850880,72.613800,51.255737,18.325850
2024-06-11,28.946765,29.717665,28.811223,29.666836,709500,51.637730,72.576385,51.786240,18.572210
2024-06-12,29.700725,29.988753,29.217855,29.658365,513700,50.720261,71.781006,51.777397,18.580620
2024-06-13,29.539766,29.785438,29.251739,29.539766,524700,49.913998,71.874588,52.024963,18.754141
2024-06-14,29.395752,29.514352,29.116195,29.463522,361000,50.015945,72.005577,51.839291,18.415180
2024-06-17,29.438110,29.599065,29.200912,29.412697,494300,51.535793,72.688683,51.892342,18.455799
2024-06-18,29.692250,30.115820,29.446579,30.098877,480100,51.118755,72.782242,52.104549,18.520901
2024-06-19,29.692250,30.115820,29.446579,30.098877,0,51.118755,72.782242,52.104549,18.520901
2024-06-20,30.192063,31.200162,30.132764,30.615633,571600,52.008419,72.623169,51.432564,18.427441
2024-06-21,30.666463,31.242518,30.522447,31.208632,826900,52.175232,72.679321,51.520985,18.342381
2024-06-24,31.242519,31.962587,31.242519,31.894817,506700,53.454136,73.454315,53.819851,18.129789
2024-06-25,32.013416,32.453929,31.886344,32.335327,574600,52.944424,72.982903,53.757954,17.944719
2024-06-26,32.335326,32.580997,31.996472,32.199783,572700,52.731277,72.832054,53.581120,18.111300
2024-06-27,32.157427,32.564054,30.937547,32.436985,453000,52.304974,72.520920,53.475021,18.301001
2024-06-28,32.479339,32.708067,31.945640,32.606411,813300,52.953690,72.200363,54.032047,18.429770
2024-07-01,32.708067,32.877496,32.343797,32.394627,351700,53.157578,71.691261,55.508621,18.265301
2024-07-02,32.386157,32.902913,32.233672,32.835140,438400,53.027832,72.190948,54.659809,18.366400
2024-07-03,32.979154,32.979154,32.640297,32.758896,318800,52.453251,72.068382,54.960434,18.252199
2024-07-04,32.979154,32.979154,32.640297,32.758896,0,52.453251,72.068382,54.960434,18.252199
2024-07-05,32.614881,32.614881,32.004939,32.250610,452900,51.915749,72.954613,55.119591,18.080400
2024-07-08,32.318386,32.614884,32.276027,32.403099,255300,52.536659,72.841484,55.588200,18.088280
2024-07-09,32.445456,32.513229,32.081186,32.132015,329000,51.813805,72.652908,55.261051,17.973600
2024-07-10,32.225199,32.648769,32.199783,32.233669,489600,52.295708,72.973473,55.711979,17.895340
2024-07-11,32.284498,32.284498,31.581370,32.123539,573900,52.712746,72.700066,55.871132,17.836531
2024-07-12,32.292970,32.369212,32.157428,32.259087,345700,53.120506,73.020615,55.826927,17.753260
2024-07-15,32.360742,32.758896,32.301443,32.436985,483100,53.259521,72.596344,55.473263,17.698730
2024-07-16,32.496285,33.241769,32.496285,33.140110,705400,54.742290,73.294037,56.870262,17.715799
2024-07-17,33.301068,34.063492,32.936798,33.029984,712000,56.030457,74.236839,58.010849,17.650419
2024-07-18,32.962210,33.766993,32.852081,33.716164,683400,56.002651,73.869141,57.825165,17.720200
2024-07-19,33.656864,33.766993,33.038452,33.334949,563200,55.353943,73.624016,57.648327,17.958500
2024-07-22,33.411195,33.970307,33.351895,33.817822,465000,55.150055,73.671143,57.020565,17.970619
2024-07-23,33.894064,33.911007,33.394252,33.436611,363100,54.890572,73.407166,57.321190,17.930599
2024-07-24,33.436611,34.173621,33.301068,33.970306,605600,55.029579,73.341171,59.116066,18.163151
2024-07-25,34.165154,35.105476,33.707697,34.783566,812000,55.872913,73.256317,62.820770,18.360319
2024-07-26,34.825921,35.368090,34.631079,35.266434,512000,56.540154,74.001129,62.626259,18.439899
2024-07-29,35.334200,35.385030,34.775088,34.936047,483000,56.401150,74.029419,62.387524,18.427299
2024-07-30,34.876746,35.469745,34.681904,35.122417,637000,56.447483,73.529724,63.466213,18.640900
2024-07-31,35.274905,35.452804,33.885596,34.927578,958200,56.438221,73.397743,63.280529,18.752800
2024-08-01,36.427012,37.799377,34.368462,35.757771,1550300,56.308472,74.076553,63.793354,18.640039
2024-08-02,35.825544,36.105099,34.715790,35.130890,828700,56.744045,74.727112,62.599731,18.923800
2024-08-05,34.605658,37.206377,34.529416,36.689625,1832800,57.930264,73.256317,61.464474,19.528431
2024-08-06,36.689627,38.527918,36.689627,37.028481,1652700,57.031326,73.765419,61.848858,19.195021
2024-08-07,36.952239,37.663836,36.655741,37.316509,1186300,56.660641,73.840858,62.447754,19.583780
2024-08-08,37.257211,38.095881,37.214855,37.629951,1247600,57.346420,74.510254,62.563965,19.334709
2024-08-09,37.706194,38.053521,37.333453,37.841736,998200,57.170341,74.623383,62.858955,18.860270
2024-08-12,37.341928,37.485940,36.630330,37.240269,1178200,55.909985,74.246277,62.215343,18.822189
2024-08-13,37.274154,37.596068,37.079312,37.460526,857000,56.688438,74.585678,62.715946,19.059799
2024-08-14,37.519824,38.875247,37.519824,38.705818,1268000,57.485428,74.925087,62.814262,18.998079
2024-08-15,38.206005,38.222948,37.367339,37.435108,1571100,57.494705,75.698189,63.019852,18.811701
2024-08-16,37.121665,37.545235,36.138983,36.681152,2019900,57.939537,75.905609,63.234383,18.636200
2024-08-19,36.859053,37.147081,36.299941,37.053898,1028200,57.893192,76.160179,64.155113,18.625860
2024-08-20,37.036957,37.053901,36.477845,36.884472,543100,57.837593,76.537300,64.217682,18.665110
2024-08-21,37.079313,37.358867,36.825171,37.248741,672000,58.671658,77.055847,64.262375,19.009850
2024-08-22,37.265684,37.350397,36.977657,37.248741,688800,58.393627,76.942703,64.414330,19.277130
2024-08-23,37.248741,37.884095,36.986126,37.841736,548600,58.810665,77.159538,63.869064,19.490200
2024-08-26,37.943395,38.485564,37.943395,38.231422,633800,59.431576,77.706375,63.806477,19.212250
2024-08-27,38.273776,38.366962,37.731607,37.892563,715500,59.246223,77.894936,63.726040,19.374500
2024-08-28,37.901038,38.765118,37.697723,38.705818,846300,60.877293,77.564957,63.860119,19.770800
2024-08-29,38.892188,39.561429,38.595691,39.400471,1037700,59.913479,77.178413,64.217682,19.664400
2024-08-30,39.527547,40.188315,39.188690,39.459778,1105900,60.053551,77.791237,64.396469,19.834200
2024-09-02,39.527547,40.188315,39.188690,39.459778,0,60.053551,77.791237,64.396469,19.834200
2024-09-03,39.764742,39.976527,38.612634,38.807476,981400,60.520451,78.338058,63.529381,19.836399
2024-09-04,38.705816,39.595316,38.451675,39.137859,804000,61.370228,78.705750,61.625381,19.795401
2024-09-05,39.044676,39.078562,38.451677,38.527920,660400,60.819275,78.404060,61.473408,19.948750
2024-09-06,38.494034,38.985376,38.222949,38.350021,870100,61.510307,78.243767,61.687954,19.881380
2024-09-09,38.510978,38.900661,38.138237,38.222950,1219400,61.426262,78.847168,61.187359,19.940201
2024-09-10,38.222947,38.426262,36.299939,36.469368,1586300,58.998344,78.828331,61.938244,19.891371
2024-09-11,36.562553,36.638796,35.452799,35.588341,1576000,57.569611,78.092934,61.714760,20.089411
2024-09-12,35.579872,35.630701,34.690376,34.961460,1614600,57.597626,78.573753,61.991875,19.795900
2024-09-13,35.037702,35.241013,33.961834,34.199032,1647700,57.336155,79.130020,62.018692,19.520800
2024-09-16,34.309163,35.054647,34.105848,34.775089,2116300,57.756367,79.441147,62.671242,19.152201
2024-09-17,34.961461,35.969557,34.876745,35.130890,1436300,57.709675,78.686897,63.422108,19.205601
2024-09-18,35.105474,36.469370,35.105474,35.715416,3007600,57.719017,78.385193,63.752846,19.115530
2024-09-19,35.935670,36.681154,35.444331,36.638798,1700600,57.588287,77.923225,65.871399,19.243271
2024-09-20,37.003070,37.096256,35.266434,35.385033,7167300,56.159550,78.300346,66.801048,19.299999
2024-09-23,35.579872,36.494785,35.461273,36.435482,2395200,56.421017,78.754349,66.693771,19.376560
2024-09-24,36.435483,36.681155,36.096629,36.486313,1244800,56.514397,78.564789,66.953003,19.415400
2024-09-25,36.427012,36.545611,35.435860,36.113571,4193200,54.123837,78.365746,65.379745,19.308201
2024-09-26,35.952614,37.460525,35.791659,36.511726,3548300,55.393822,78.545837,65.478081,19.636600
2024-09-27,36.477842,37.367338,36.410069,37.324982,1355600,55.739334,78.688011,66.729538,19.615919
2024-09-30,37.528293,39.205630,37.172496,39.010788,2256300,55.617935,78.669052,66.899376,19.630501
2024-10-01,38.959961,41.060867,38.756646,40.764366,2871400,55.804695,78.403656,68.687164,19.663601
2024-10-02,40.908384,41.569152,40.247612,40.544113,2354900,55.291100,77.740189,67.408897,19.626440
2024-10-03,40.518699,40.722011,36.875995,36.909882,2807100,54.226555,76.962967,71.172211,19.408199
2024-10-04,36.926823,37.824792,36.774337,37.782433,1641600,54.674789,77.218887,75.597008,19.335501
2024-10-07,37.850209,38.587220,37.587594,38.553333,866400,54.375965,76.451157,77.313286,19.276680
2024-10-08,38.434733,39.985000,38.434733,39.070087,1261700,54.431995,76.830284,78.126747,19.289671
2024-10-09,39.070086,39.536012,38.578747,38.638046,1005100,54.422653,77.294716,80.361496,19.345400
2024-10-10,38.680403,38.832888,37.375807,37.926449,1225200,54.338608,76.953499,80.003929,19.467449
2024-10-11,37.994220,38.434733,37.443581,37.765495,956900,54.936256,77.380020,80.853134,19.438400
2024-10-14,37.790910,38.434735,37.562182,38.222950,818300,55.888744,77.692802,80.951454,19.299540
2024-10-15,38.070464,38.688875,37.968808,38.350021,1252200,55.907417,78.185661,82.435333,19.425949
2024-10-16,38.502506,39.595317,37.977280,38.595692,1330300,56.589100,78.128792,84.169495,19.695101
2024-10-17,38.468621,38.671936,37.672310,38.494034,963400,55.832714,77.778099,84.384033,19.898701
2024-10-18,38.375433,38.663460,38.019636,38.451675,640500,56.038151,77.948708,82.918045,19.816811
2024-10-21,38.536392,38.714291,37.782435,37.824795,596800,55.263088,77.294716,81.487801,19.868561
2024-10-22,37.757020,37.985748,37.443579,37.901035,730600,54.992279,77.730705,79.163666,19.960800
2024-10-23,37.731608,38.959962,36.765870,38.832890,852400,54.982941,77.579048,79.074272,19.936199
2024-10-24,38.917605,39.468247,38.739706,39.434361,873800,55.123013,77.474792,80.602844,19.832460
2024-10-25,39.451299,39.722383,39.103972,39.146328,550700,54.786835,76.830284,79.941360,19.814199
2024-10-28,39.366588,40.916853,39.197160,40.196785,1397200,55.281765,76.972450,80.593895,19.946569
2024-10-29,39.900283,40.866025,39.637672,40.738953,1013100,54.506699,76.214203,80.629654,20.028740
2024-10-30,40.764367,40.976152,40.095129,40.400097,1335000,54.936256,76.090981,80.466019,20.053780
2024-10-31,41.831767,42.475592,39.273405,41.035454,1822500,54.712135,75.939331,79.362999,20.163940
2024-11-01,41.492908,43.382029,41.204880,42.501003,1827300,54.497364,75.967773,78.757248,20.050690
2024-11-04,42.602663,43.458273,42.280749,43.415916,1256400,54.460007,76.176277,78.938065,20.081820
2024-11-05,43.415915,45.669306,43.204130,45.559177,1109900,55.337795,76.659668,80.203812,20.093901
2024-11-06,46.389378,47.016263,44.534143,44.762871,1115100,55.244408,75.408539,82.012047,20.131599
2024-11-07,44.805223,44.881466,44.135982,44.347767,1082000,54.824196,75.683426,80.800529,20.167009
2024-11-08,44.559556,45.889565,44.390130,45.593067,661600,55.645950,76.602806,82.229019,19.793570
2024-11-11,45.796381,46.126765,44.788283,45.127140,800600,54.917580,76.337418,82.301369,20.137600
2024-11-12,45.296569,45.940394,45.025484,45.127140,790300,58.512760,76.422714,83.955894,20.339500
2024-11-13,45.211856,45.491413,44.491788,44.661217,634200,59.110394,76.650200,82.536430,20.582701
2024-11-14,44.339301,44.754401,42.085909,42.636551,1069000,59.773415,76.460640,81.767929,20.518400
2024-11-15,42.738207,43.958087,42.467122,43.492161,1154800,60.062893,75.787674,81.758896,20.438601
2024-11-18,43.720888,44.119045,42.907634,43.797131,694700,60.268330,76.318459,84.959457,20.356171
2024-11-19,43.526044,44.703567,43.458271,44.229168,644000,58.755550,76.422714,86.017273,20.213289
2024-11-20,44.068213,44.686624,44.008913,44.229168,791100,59.063709,76.034119,85.691780,20.109720
2024-11-21,44.339300,44.534142,43.695476,44.263058,576900,59.549294,76.858711,86.595894,20.274620
2024-11-22,44.474840,44.559553,43.636171,43.805599,620500,59.549294,77.569572,86.758629,20.414120
2024-11-25,44.076684,44.212227,42.441704,42.619606,1152200,59.558624,77.996101,87.237808,20.350840
2024-11-26,42.356991,43.144831,42.187563,42.975403,832700,59.586647,78.318359,87.355347,20.580469
2024-11-27,42.822918,43.288844,42.526420,42.763618,608800,60.184280,78.479492,87.834534,20.652500
2024-11-28,42.822918,43.288844,42.526420,42.763618,0,60.184280,78.479492,87.834534,20.652500
2024-11-29,42.941516,43.763243,42.856803,43.720886,556600,60.701900,78.877586,88.250420,20.436199
2024-12-02,43.585348,43.763247,42.475594,43.542992,1104000,60.551319,78.782791,88.729607,20.378611
2024-12-03,43.771715,44.703571,43.161777,43.432861,1212900,60.410156,78.375229,89.181664,20.406900
2024-12-04,43.254961,43.754773,42.416291,43.568401,805800,59.864311,78.157211,87.924942,20.303900
2024-12-05,43.559929,43.797130,43.085533,43.238018,561500,59.949009,78.470016,87.970146,20.308640
2024-12-06,43.246490,43.254963,42.441706,42.661964,669100,58.951424,78.081406,89.706039,20.191799
2024-12-09,42.653488,42.856803,40.950738,41.001568,1160400,58.951424,77.958183,92.029617,20.170900
2024-12-10,41.315010,41.704694,40.433984,41.315010,957100,58.725559,78.327835,94.208519,20.245899
2024-12-11,41.501382,42.551834,41.501382,42.348522,983400,58.273819,77.730705,95.618942,20.160761
2024-12-12,42.399347,42.738204,41.755522,42.212978,694900,57.596222,77.958183,95.736473,20.114201
2024-12-13,42.289222,42.577250,41.975781,42.323109,704700,56.918617,77.759140,97.752647,20.191099
2024-12-16,42.458646,44.017384,42.450176,43.365086,1826100,56.222195,77.351578,101.477585,20.105419
2024-12-17,43.415917,43.661589,42.856805,42.907635,860300,55.902218,77.218887,96.432640,20.133820
2024-12-18,42.907636,43.000818,40.730486,40.798256,1216400,55.488125,76.043594,93.602760,20.173750
2024-12-19,40.891438,41.103223,39.849456,40.264553,1165700,54.772877,75.503326,94.362221,20.374701
2024-12-20,39.951117,40.408573,39.036208,39.103977,5166900,54.603477,75.768730,93.024139,20.334000
2024-12-23,39.129389,39.425890,38.688876,38.875248,1542400,54.424664,75.369530,90.944672,20.063431
2024-12-24,39.053148,39.307292,38.875249,39.222576,404700,54.339966,75.866135,92.897560,20.169300
2024-12-25,39.053148,39.307292,38.875249,39.222576,0,54.339966,75.866135,92.897560,20.169300
2024-12-26,39.061619,39.146331,38.477090,38.646519,830700,54.659943,76.104889,92.282768,20.156639
2024-12-27,38.629573,38.917601,38.087404,38.900658,1027600,54.556419,75.732437,91.441940,20.204800
2024-12-30,38.875248,38.875248,38.155181,38.460152,826100,53.775295,74.844269,92.246597,20.313169
2024-12-31,38.316133,39.002318,38.180591,38.451675,757600,54.057629,75.073479,93.051254,20.632200
2025-01-01,38.316133,39.002318,38.180591,38.451675,0,54.057629,75.073479,93.051254,20.632200
2025-01-02,38.705818,40.120543,38.629575,40.010414,1087000,54.725822,74.844269,95.501389,20.830240
2025-01-03,40.222200,40.730486,39.773217,40.594940,1055100,54.754059,74.806061,97.228264,20.592899
2025-01-06,40.332326,40.476339,39.044674,39.400471,1013700,53.455315,74.022964,94.705780,20.620150
2025-01-07,39.332701,39.696971,38.316132,38.400848,747300,52.307156,73.765114,93.738396,20.320801
2025-01-08,38.400850,39.171747,38.248365,38.917603,649400,52.194221,73.898796,94.687706,20.327339
2025-01-09,38.400850,39.171747,38.248365,38.917603,0,52.194221,73.898796,94.687706,20.327339
2025-01-10,38.578748,39.434358,38.290720,38.926075,747500,51.074291,72.905602,92.156189,20.506359
2025-01-13,38.646517,39.222572,38.392376,38.570274,757800,52.354218,73.029747,96.740044,20.701790
2025-01-14,38.527921,38.993847,38.231423,38.815948,612900,52.194221,73.048836,99.425262,20.610460
2025-01-15,39.078562,39.730860,38.765118,38.824421,969300,52.476555,72.800545,101.721703,20.504000
2025-01-16,38.739703,39.061617,38.155178,38.392376,689700,52.721245,73.344910,101.179245,20.455311
2025-01-17,38.409321,38.722762,38.248366,38.375435,864500,52.429504,73.765114,102.734306,20.832729
2025-01-20,38.409321,38.722762,38.248366,38.375435,0,52.429504,73.765114,102.734306,20.832729
2025-01-21,38.324606,38.714290,37.180965,37.714664,1361900,53.135334,74.108910,103.276772,20.497240
2025-01-22,37.934922,38.646519,37.672310,38.172123,1236600,52.325974,73.745995,101.287720,20.661200
2025-01-23,38.400852,39.620732,38.206007,39.552959,1373400,52.768303,74.013412,99.886360,20.487101
2025-01-24,39.552960,39.722389,38.189067,38.604164,1044300,53.116508,74.395416,96.468803,20.378839
2025-01-27,38.366964,39.781686,38.282248,39.214104,980900,54.641117,76.410492,98.891823,20.436970
2025-01-28,39.315762,40.484816,39.180220,39.222576,934900,53.154160,75.216721,100.546356,20.728399
2025-01-29,39.281876,39.832518,39.070091,39.722389,664800,53.267090,75.398178,102.983017,20.540001
2025-01-30,39.883345,40.256085,39.290346,40.069714,823500,53.417667,76.143089,106.117035,20.501801
2025-01-31,39.985000,40.162899,39.137860,39.425888,812400,53.163574,75.426826,98.877625,20.674471
2025-02-03,39.730858,41.060867,39.264928,40.501755,1420600,54.339966,75.722870,97.777954,21.169399
2025-02-04,40.476341,40.798255,39.519075,40.035828,965000,53.652950,75.083031,98.639359,20.385130
2025-02-05,39.976526,40.484812,39.713915,40.408569,940800,53.728241,75.550980,97.851280,20.512421
2025-02-06,41.128640,41.272656,40.450929,41.213356,1233100,54.038803,75.894783,99.674866,20.573721
2025-02-07,41.408195,43.382029,41.179467,43.246487,1302100,54.528191,75.780182,99.244179,20.443399
2025-02-10,43.322730,43.966558,43.127888,43.627701,1115400,54.311733,76.248131,100.261368,20.600309
2025-02-11,43.729360,44.584973,43.407449,44.517200,1711900,55.309311,76.983490,104.449226,20.624611
2025-02-12,43.898787,44.398600,42.365463,42.636551,1721200,54.377605,76.926201,97.273964,20.546721
2025-02-13,41.408196,44.229170,40.628826,44.093628,1899500,54.179977,77.757057,99.519089,20.543489
2025-02-14,44.779815,48.422516,44.762872,45.643898,2882200,53.737648,76.983490,87.147934,20.415190
2025-02-17,44.779815,48.422516,44.762872,45.643898,0,53.737648,76.983490,87.147934,20.415190
2025-02-18,45.576120,45.881090,43.636169,44.178341,1194700,54.481133,77.260445,83.354118,20.272600
2025-02-19,44.102100,45.076309,43.602287,44.991596,1295600,54.208210,77.881210,84.343803,20.237801
2025-02-20,44.847582,44.898412,43.305788,43.915730,954200,55.629292,77.575615,82.575188,20.452400
2025-02-21,43.932673,45.516824,43.576873,45.008541,1181100,56.890385,78.482864,83.427414,20.294001
2025-02-24,45.127140,46.236895,45.127140,45.745552,1254800,57.285652,78.721619,81.869576,20.382830
2025-02-25,45.542237,46.347021,45.135611,45.711666,1223700,57.727978,79.838982,80.705765,20.481119
2025-02-26,45.914979,46.524917,45.626951,45.906506,1084700,56.749210,78.310959,80.540810,20.457510
2025-02-27,45.940392,46.507977,45.372810,45.584595,805100,57.398586,78.301407,81.356400,20.394800
2025-02-28,45.745551,46.347020,45.610009,46.075935,1299400,58.205147,79.342377,82.831772,20.457600
2025-03-03,46.101350,47.761747,46.092880,46.389378,1327000,58.670109,79.762581,82.895920,20.514450
2025-03-04,46.160650,46.643520,44.923824,45.669308,1490500,57.408073,78.406464,81.136467,20.725700
2025-03-05,45.372811,45.999693,44.889941,45.220325,1185600,57.635815,78.731171,77.150200,20.530500
2025-03-06,44.889938,45.720135,44.415539,44.559551,889100,57.436543,78.874420,75.738976,20.402781
2025-03-07,44.610382,46.465617,44.288468,46.270775,1131200,58.110252,79.132271,79.890182,20.277941
2025-03-10,45.931923,48.185315,45.872623,47.380531,1239100,58.764999,78.960373,80.064308,20.260220
2025-03-11,47.016259,47.439829,45.152551,45.177967,1516700,58.176682,77.804810,80.302559,20.351379
2025-03-12,44.940768,45.584596,42.009665,43.297318,1949200,57.066471,76.114426,79.230392,20.270300
2025-03-13,43.331204,43.339674,42.145207,42.585720,1212800,56.933628,75.761078,74.107819,20.174431
2025-03-14,43.509105,43.915732,41.662340,42.035080,1476000,56.819767,75.932991,76.087204,20.082850
2025-03-17,42.145207,42.755149,41.518322,42.018135,1598400,57.493477,77.040794,84.032234,19.925280
2025-03-18,42.272280,42.399349,41.331954,42.077435,1616800,57.417564,76.162178,80.614136,19.955070
2025-03-19,42.001196,42.933048,41.789411,42.755150,1549100,57.683254,76.162178,81.915390,19.904160
2025-03-20,42.704321,44.407071,42.492536,43.991974,1449300,57.332165,75.789734,81.301422,20.023199
2025-03-21,44.051275,44.466375,40.662715,41.704697,9454000,57.341648,75.761078,81.741272,20.127501
2025-03-24,42.280750,43.297319,42.229921,43.017761,2049900,57.284718,76.229599,85.406807,20.210171
2025-03-25,42.712789,43.492160,42.602664,43.263432,1196600,56.886189,75.538345,86.167404,20.037870
2025-03-26,43.390502,44.728981,43.382029,44.551083,1151400,58.442371,76.709625,85.040260,20.032000
2025-03-27,44.568028,45.127140,44.144458,45.101727,837900,59.192001,77.583282,84.499596,20.257050
2025-03-28,45.482935,45.898035,44.932296,45.228794,1391400,59.182507,77.199272,83.399933,20.282000
2025-03-31,45.211851,46.719762,44.974652,46.177589,1232100,60.548920,78.408958,83.299126,20.380091
2025-04-01,46.762118,48.058241,46.448677,47.660084,1839300,59.884689,78.524162,83.757317,20.474030
2025-04-02,47.465244,47.549960,45.965806,46.846832,1609900,59.543083,78.293755,85.296844,20.328341
2025-04-03,46.110666,49.055325,45.929016,48.816311,1789900,60.311691,78.744972,85.196053,20.258301
2025-04-04,47.898493,49.275218,47.305738,47.774208,1741500,56.753338,75.327126,84.572899,19.932211
2025-04-07,46.024622,48.022783,44.475809,47.296181,2279300,55.254086,74.453468,85.635895,20.621700
2025-04-08,48.022781,49.409066,46.273197,46.923317,1248800,54.703728,73.301369,82.776794,20.696550
2025-04-09,46.225394,48.300042,46.072425,48.156631,1593700,56.705894,76.143188,84.838661,20.836241
2025-04-10,48.233115,49.619400,47.726402,49.265656,1101700,57.056988,76.181587,86.763054,20.333549
2025-04-11,49.265658,50.795352,48.902358,50.489414,1319800,57.446033,77.141655,90.712662,20.594460
2025-04-14,50.737986,51.196893,49.562035,50.269520,1590400,58.423393,78.456963,90.492737,20.276779
2025-04-15,50.651939,51.416785,50.374682,50.948318,1120300,57.873032,77.794510,88.476692,20.079901
2025-04-16,51.149093,51.799213,50.862277,50.996124,1033500,57.559902,76.959251,84.765335,20.125429
2025-04-17,51.158649,51.904376,51.063044,51.646240,879900,58.081787,78.600983,83.839798,19.915300
2025-04-18,51.158649,51.904376,51.063044,51.646240,0,58.081787,78.600983,83.839798,19.915300
2025-04-21,51.646243,52.019105,50.776230,51.282940,989600,57.683254,77.852112,82.630173,19.915300
2025-04-22,51.713166,52.755269,51.464593,52.124271,885100,58.252590,78.956192,85.315170,19.703300
2025-04-23,51.971303,52.382408,51.359427,52.181637,1058700,58.859879,78.504959,85.498451,19.615191
2025-04-24,52.210315,52.583177,51.445469,51.598438,1239700,58.281059,77.813705,84.930290,19.624399
2025-04-25,51.933061,51.933061,50.441609,51.196896,636800,57.521942,77.612091,86.882179,19.600000
2025-04-28,51.388106,51.770530,50.709306,50.967442,758500,57.038006,77.352875,87.514488,19.535160
2025-04-29,50.833590,51.741845,50.279078,51.607998,904800,57.483990,77.996124,88.742432,19.573099
2025-04-30,51.827893,52.334606,51.149093,52.181637,1266800,58.110252,78.562561,88.729141,19.540199
2025-05-01,46.101108,46.636498,44.016901,44.695702,4390800,57.512459,77.880920,87.883369,19.589001
2025-05-02,44.542734,44.896474,43.376342,44.112507,2748400,57.683254,78.303345,88.292007,19.600889
2025-05-05,43.969098,44.867791,43.548430,44.724380,1939400,53.213970,78.236137,88.187469,19.610090
2025-05-06,44.877351,45.125928,44.275037,44.590534,1200600,52.900826,78.101730,92.055176,19.673201
2025-05-07,44.714822,44.925155,44.217671,44.724380,1008000,52.359966,78.226547,90.800781,19.644621
2025-05-08,44.982516,45.623077,44.580974,45.221531,1298600,53.460674,78.130524,86.220352,19.603081
2025-05-09,45.183290,45.326700,44.638337,45.001640,846500,52.473827,77.679306,86.695503,19.518700
2025-05-12,44.753065,45.001638,43.682277,44.275036,1118800,53.128567,77.794510,88.063927,19.441641
2025-05-13,44.275036,44.925156,44.036022,44.580975,1124600,52.530758,76.748032,89.280304,19.607401
2025-05-14,44.466245,44.695700,43.663156,43.682278,1116300,51.714714,76.335205,89.612915,19.393101
2025-05-15,43.768325,45.307579,43.730085,45.202412,1309900,52.805943,77.900116,92.188210,19.383060
2025-05-16,45.049443,46.626940,44.819991,46.502651,1386900,53.081123,78.792976,94.687485,19.471399
2025-05-19,46.502652,46.875514,46.139349,46.607819,1110700,53.185493,79.023384,92.340256,19.451170
2025-05-20,48.108826,49.189172,47.563873,48.959717,2383300,53.849728,79.301819,91.570526,19.284901
2025-05-21,48.787627,48.988402,48.319161,48.672901,1136800,53.432205,78.380157,91.960129,19.269320
2025-05-22,48.634658,48.758946,46.712983,47.028481,1103100,52.644627,78.053726,90.287621,19.366800
2025-05-23,47.028480,47.602117,46.560014,47.420464,794400,52.711056,78.341743,90.373146,19.321100
2025-05-26,47.028480,47.602117,46.560014,47.420464,0,52.711056,78.341743,90.373146,19.321100
2025-05-27,47.305739,47.353542,45.336259,46.196712,979300,52.967251,79.052200,90.772270,19.245560
2025-05-28,46.034183,46.435725,45.699560,46.320999,969800,52.530758,78.514557,88.805168,19.252701
2025-05-29,46.139348,46.885075,45.546593,46.846832,1088900,53.251919,78.831383,89.394341,19.385151
2025-05-30,46.837274,47.458709,46.684304,46.999802,938900,53.768925,79.522644,91.161896,19.300100
2025-06-02,46.693864,47.391786,46.215835,47.353542,980900,53.768925,79.570641,92.093193,19.422501
2025-06-03,47.219692,47.458707,46.387923,47.018921,1060500,53.414684,79.493835,92.359276,19.192200
2025-06-04,47.114527,47.114527,45.460547,45.546593,1066300,53.251919,78.936989,90.658241,19.224300
2025-06-05,45.422305,45.670882,45.059005,45.403187,975900,52.888100,78.178535,90.914818,19.199350
2025-06-06,45.470111,45.699562,44.743505,44.906036,891200,52.955120,78.428154,93.252541,19.151159
2025-06-09,44.772188,44.772188,43.519751,43.854370,1290100,52.907249,78.322548,92.701378,19.097630
2025-06-10,44.007338,44.361082,43.213812,43.385902,1403900,53.309368,78.495361,91.323448,19.037800
2025-06-11,43.366780,43.787444,42.640174,43.127766,1537400,53.012562,78.226547,88.054428,19.058760
2025-06-12,43.596233,43.806567,42.917433,43.739643,1111900,53.299789,78.687378,90.116570,18.897051
2025-06-13,43.682280,44.313278,42.649740,44.112507,941400,52.476410,77.727295,91.589523,18.883209
2025-06-16,44.131627,44.915594,43.768324,43.940414,970700,52.562584,77.976921,95.229164,18.947800
2025-06-17,43.892612,44.437564,43.663156,43.883053,835800,52.399815,77.314468,95.609283,18.923349
2025-06-18,43.911733,44.236793,43.586674,43.883053,1390500,52.016846,77.218468,97.947014,19.019421
2025-06-19,43.911733,44.236793,43.586674,43.883053,0,52.016846,77.218468,97.947014,19.019421
2025-06-20,43.969099,44.227231,43.099086,43.443264,1824900,52.093437,77.784912,97.025208,19.020500
2025-06-23,43.290296,44.179430,43.213813,44.055145,977700,52.763630,78.685829,96.502571,19.210100
2025-06-24,44.055143,44.886912,43.691840,44.571411,958100,53.146599,78.618172,96.797142,19.071199
2025-06-25,44.351519,44.351519,42.869630,42.936554,939800,52.313648,77.564514,94.402397,18.991760
2025-06-26,43.013041,43.385903,42.496769,42.592373,1177400,52.677467,77.496849,93.680183,18.898600
2025-06-27,42.668860,42.907875,42.104786,42.601936,2073300,52.888100,77.864166,94.231346,18.878811
2025-06-30,42.601936,43.079965,42.133467,43.003479,1405600,53.558296,78.270157,94.677979,18.799200
2025-07-01,43.137326,43.720522,42.754905,43.491070,1543800,54.908260,79.246490,96.816154,18.738001
2025-07-02,43.357221,43.806569,43.060845,43.720524,1466900,55.004005,79.478493,98.042030,18.737900
2025-07-03,43.663156,44.160306,43.280735,43.873489,564100,54.917839,79.439827,97.785454,18.763700
2025-07-04,43.663156,44.160306,43.280735,43.873489,0,54.917839,79.439827,97.785454,18.763700
2025-07-07,43.730084,43.997779,42.831388,43.242493,1554600,53.376385,79.372162,96.131943,18.606331
2025-07-08,42.993920,44.102947,42.888753,43.749203,1021800,53.338089,78.637489,97.281799,18.643330
2025-07-09,43.797009,44.083825,42.907875,43.299858,1081400,52.734913,78.125168,96.559570,18.612341
2025-07-10,42.955678,43.577117,42.802709,42.917435,1417900,52.313648,78.405502,95.732819,18.623770
2025-07-11,42.860071,43.194690,42.429844,43.079964,863700,51.911530,78.115494,95.523750,18.601259
2025-07-14,43.223370,43.624916,42.802706,43.079964,679300,52.007267,78.183167,96.911186,18.657600
2025-07-15,42.745342,43.252055,42.066542,42.095222,1902000,50.504116,77.400169,97.671417,18.748369
2025-07-16,42.085665,42.410725,41.665001,42.219513,935600,51.346645,77.670837,99.296432,18.801710
2025-07-17,42.152586,43.099085,41.923131,43.079964,1284000,51.681740,78.405502,101.501114,18.718760
2025-07-18,43.079966,43.691843,42.726222,42.965237,785100,51.136013,78.192833,100.674355,18.752621
2025-07-21,43.213814,44.542734,43.022602,43.720524,1332500,51.040272,78.183167,100.892929,18.705299
2025-07-22,43.806567,45.317140,43.797008,44.934715,1944600,52.150887,78.898499,99.505486,18.656099
2025-07-23,44.963398,46.101109,44.819991,45.957699,956400,52.074291,78.927490,113.237274,18.643930
2025-07-24,45.957699,45.957699,45.183291,45.211975,1053700,51.700893,78.647156,100.617340,18.536690
2025-07-25,45.106807,45.766486,44.733945,45.747364,729400,51.643448,78.782501,99.705055,18.538549
2025-07-28,45.537035,46.512214,45.221534,45.556156,1231500,51.174313,77.970505,99.172882,18.503099
2025-07-29,45.690004,46.273199,44.667022,44.858231,1660200,51.365799,78.482834,102.774521,18.747000
2025-07-30,44.915595,45.871653,44.380202,45.603958,1620200,50.666874,77.786842,105.634911,18.747160
2025-07-31,45.326701,47.324862,45.030321,45.307579,1837600,50.073273,77.119843,105.615898,18.842899
2025-08-01,45.594393,46.407045,44.160307,45.823849,1465500,50.293476,77.487183,102.517929,18.864719
2025-08-04,45.890775,47.219695,45.747365,46.856392,1992200,51.518982,77.864166,100.656555,18.868010
2025-08-05,46.837274,47.267497,46.540895,46.808590,1175000,52.457260,77.786842,102.036064,18.871401
2025-08-06,46.799031,47.707286,46.473971,47.152771,914300,53.682762,78.898499,101.472595,18.733231
2025-08-07,47.219692,47.726402,47.066723,47.716843,825300,53.941265,79.497818,102.745255,18.601549
2025-08-08,47.707283,48.338281,47.621238,47.764645,761800,54.611465,79.729820,104.668816,18.607950
2025-08-11,47.812449,48.204433,47.745525,48.194874,606800,54.266792,79.662155,104.464806,18.582211
2025-08-12,47.994103,48.137509,47.286618,47.649921,1256300,54.037006,79.874817,104.756256,18.656200
2025-08-13,47.487390,47.888936,47.248375,47.449150,1817100,55.233784,79.874817,106.524384,18.572800
2025-08-14,47.267497,47.267497,45.259777,45.661320,1262400,53.902969,79.159485,104.911690,18.619301
2025-08-15,45.737806,46.234957,45.575275,45.862095,1305300,54.381680,79.285149,107.495872,18.801260
2025-08-18,45.967262,46.129790,45.259778,45.766487,1324500,53.682762,79.178825,105.795753,18.723490
2025-08-19,45.823850,46.349681,45.508349,45.690002,1691100,54.295513,79.990814,106.922684,18.765499
2025-08-20,45.880001,47.700001,45.520000,47.180000,1738500,54.171051,80.445152,110.944672,18.818701
2025-08-21,47.000000,47.500000,46.470001,47.259998,1591700,54.544445,79.720154,110.021751,18.768700
2025-08-22,47.669998,47.669998,46.130001,46.160000,1512500,55.157192,79.720154,112.732224,18.736300
2025-08-25,46.080002,46.200001,45.029999,45.060001,1443000,55.013580,78.357155,112.139610,18.593269
2025-08-26,45.009998,45.049999,44.180000,44.610001,1049500,54.793373,77.844841,111.712158,18.683229
2025-08-27,44.570000,45.000000,44.299999,44.930000,1120100,54.984863,78.076836,113.470566,18.658569
2025-08-28,44.680000,44.869999,43.540001,43.630001,682400,53.730633,77.583832,112.110466,18.651199
2025-08-29,43.830002,44.590000,43.660000,44.450001,1092700,54.851223,78.086502,112.343628,18.650240
2025-09-01,43.830002,44.590000,43.660000,44.450001,0,54.851223,78.086502,112.343628,18.650240
2025-09-02,44.450001,45.439999,44.099998,44.639999,2358600,54.619381,77.960831,112.703079,18.648100
2025-09-03,44.349998,44.439999,43.290001,43.520000,1501200,54.435837,77.902847,107.447289,18.728701
2025-09-04,43.970001,44.560001,43.630001,44.320000,1553200,54.271610,77.951164,109.846886,18.706600
2025-09-05,44.400002,44.549999,43.439999,44.290001,1446500,54.290932,78.173500,110.585220,18.725800
2025-09-08,44.160000,44.660000,43.869999,44.549999,1075100,54.001122,77.883499,108.360504,18.726360
2025-09-09,44.439999,44.869999,43.630001,43.660000,1317600,53.943157,78.038162,105.582031,18.652870
2025-09-10,43.430000,43.540001,41.950001,43.299999,1763200,53.537422,77.274513,106.378647,18.623501
2025-09-11,43.470001,44.119999,42.970001,44.060001,1930800,54.175007,77.902847,107.845604,18.580799
2025-09-12,43.790001,44.009998,43.200001,43.630001,1559700,53.257278,77.641838,107.486160,18.454000
2025-09-15,43.660000,43.840000,42.790001,42.820000,1063700,52.165665,76.752518,105.397438,18.446989
2025-09-16,42.799999,42.900002,42.209999,42.540001,1305100,52.494110,77.100510,100.073647,18.361521
2025-09-17,42.520000,43.220001,42.189999,42.320000,1819800,52.281582,77.564514,100.569115,18.285801
2025-09-18,41.970001,42.209999,40.919998,41.389999,2047900,52.175320,76.887848,101.492027,18.307800
2025-09-19,41.520000,41.520000,40.570000,40.689999,2748100,51.769592,76.733177,97.149452,18.364201
2025-09-22,40.759998,41.250000,40.520000,41.189999,2435600,51.837212,75.877655,96.634560,18.420200
2025-09-23,41.340000,41.439999,40.389999,40.639999,2038600,52.020756,76.257240,94.089233,18.357691
2025-09-24,40.560001,41.599998,40.540001,41.310001,2042500,52.610031,76.422699,94.448700,18.346500
2025-09-25,41.430000,41.650002,40.520000,40.840000,2094300,51.924156,75.692741,94.710999,18.418739
2025-09-26,40.950001,41.110001,40.320000,40.529999,1353400,52.349205,75.877655,95.624207,18.484119
2025-09-29,40.910000,40.910000,40.060001,40.220001,1585500,52.127018,76.023659,93.380058,18.358549
2025-09-30,40.099998,40.930000,39.900002,40.720001,1473700,52.455471,76.276711,91.417625,18.358999
2025-10-01,40.750000,41.480000,40.470001,41.240002,1717100,52.619698,76.159920,90.310127,18.313829
2025-10-02,41.000000,41.259998,40.599998,40.919998,1302100,52.571392,75.858200,89.940956,18.382360
2025-10-03,40.779999,41.450001,40.590000,40.720001,915800,52.832222,75.945793,89.921524,18.412001
2025-10-06,40.540001,40.759998,38.349998,38.520000,1706600,52.310562,75.391014,90.125542,18.433331
2025-10-07,38.540001,38.570000,37.430000,38.560001,2680600,52.368523,76.091789,90.222694,18.337589
2025-10-08,38.360001,38.480000,37.029999,37.980000,3625800,50.639332,75.712204,89.494072,18.388531
2025-10-09,37.980000,38.650002,37.849998,37.889999,2546000,49.827866,75.955528,88.940331,18.334150
2025-10-10,38.110001,38.910000,37.840000,38.810001,2163000,50.330204,76.013916,91.738228,18.383430
2025-10-13,38.330002,38.590000,37.410000,37.790001,1928700,50.330204,75.760864,89.406639,18.522390
2025-10-14,38.040001,38.169998,37.450001,38.070000,1407300,51.054726,76.977470,90.601585,18.458300
2025-10-15,38.009998,38.599998,37.689999,38.139999,1429100,51.016083,77.113747,90.397568,18.504370
2025-10-16,38.080002,38.240002,37.090000,37.279999,1272000,50.388165,76.578430,89.241486,18.455099
2025-10-17,37.619999,37.790001,37.259998,37.360001,994700,50.697292,77.600388,91.864517,18.430300
2025-10-20,37.360001,37.700001,36.900002,37.459999,1287500,50.697292,77.532249,88.648872,18.364700
2025-10-21,37.439999,37.790001,37.070000,37.779999,1365000,50.571709,77.172134,87.677376,18.399370
2025-10-22,37.910000,38.650002,37.590000,38.139999,2020900,50.929146,77.610123,88.551727,18.434099
2025-10-23,38.139999,38.139999,37.209999,37.610001,1265200,50.050056,77.230537,86.803040,18.439501
2025-10-24,37.680000,37.849998,37.060001,37.470001,1362900,49.634663,76.977470,87.444221,18.393600
2025-10-27,37.650002,37.990002,37.389999,37.910000,1255500,50.320545,77.104012,87.910538,18.418739
2025-10-28,37.930000,38.700001,37.860001,37.980000,1556700,50.368847,76.335114,85.685806,18.389330
2025-10-29,37.619999,38.919998,37.400002,38.119999,2886700,48.997082,74.534523,85.972992,18.425261
2025-10-30,37.000000,38.610001,35.730000,38.080002,3964400,49.663647,74.456665,85.726280,18.465700
2025-10-31,37.939999,38.770000,37.700001,38.099998,1976900,49.663647,74.242538,86.644035,18.525400
2025-11-03,37.720001,38.240002,37.320000,37.930000,2164400,49.876167,73.658562,87.295341,18.554079
2025-11-04,38.259998,38.259998,37.119999,37.250000,2294300,50.272243,73.960281,87.680206,18.491671
2025-11-05,37.270000,37.730000,36.689999,36.959999,2191700,50.648998,73.911613,87.394028,18.675501
2025-11-06,36.900002,37.200001,36.070000,36.610001,2371900,49.934128,73.580696,86.792053,18.590700
2025-11-07,36.650002,37.139999,36.029999,37.049999,1783700,50.890503,74.661049,87.551926,18.556299
2025-11-10,37.049999,37.750000,36.919998,37.520000,1304500,52.069057,74.388519,87.502571,18.443741
2025-11-11,37.599998,38.000000,37.320000,37.790001,1589700,53.624367,75.361816,88.745987,18.378599
2025-11-12,37.759998,38.450001,37.639999,37.950001,1119400,52.223625,75.254753,89.742691,18.316650
2025-11-13,38.080002,38.650002,37.610001,37.650002,1746900,52.455471,75.254753,90.364395,18.287800
2025-11-14,37.869999,38.000000,37.220001,37.520000,824100,52.146339,75.196365,89.278885,18.315001
2025-11-17,37.419998,37.669998,37.110001,37.220001,1203100,51.305897,74.719437,86.851265,18.306431
2025-11-18,37.220001,37.599998,37.020000,37.480000,733200,51.837212,75.040634,86.801926,18.432699
2025-11-19,37.490002,37.720001,37.209999,37.610001,688900,51.247932,74.466393,86.505875,18.340401
2025-11-20,37.650002,37.849998,37.250000,37.610001,821000,50.919479,75.001694,84.482864,18.316799
2025-11-21,37.820000,39.160000,37.720001,38.799999,1276100,51.846870,75.819275,85.232864,18.365900
2025-11-24,38.320000,38.490002,37.360001,37.430000,1909800,55.227978,74.943306,83.821693,18.473881
2025-11-25,37.599998,37.930000,37.169998,37.410000,1077300,55.198997,75.974991,82.746040,18.493601
2025-11-26,37.380001,37.939999,37.259998,37.540001,799900,55.942841,76.802292,81.897362,18.385700
2025-11-27,37.380001,37.939999,37.259998,37.540001,0,55.942841,76.802292,81.897362,18.385700
2025-11-28,37.610001,38.189999,37.509998,38.040001,525100,56.078083,77.250000,82.223015,18.329599
2025-12-01,38.020000,39.099998,37.759998,38.930000,1355600,56.818779,77.172134,82.528931,18.284500
2025-12-02,38.840000,39.119999,38.470001,38.900002,1172700,55.883171,76.666016,80.436844,18.305901
2025-12-03,38.930000,39.619999,38.709999,38.950001,1044400,55.337399,76.724426,81.581573,18.275261
2025-12-04,39.060001,40.110001,38.889999,39.570000,1125500,54.713657,76.354576,84.088135,18.275200
2025-12-05,39.540001,39.830002,39.349998,39.740002,941500,55.473839,76.364311,83.594711,18.218599
2025-12-08,39.520000,39.700001,38.290001,38.400002,1514700,54.791626,75.731667,84.186813,18.171600
2025-12-09,38.529999,38.770000,38.070000,38.080002,1053400,54.489498,75.906853,85.144043,18.260599
2025-12-10,38.080002,38.590000,37.840000,38.410000,1258100,56.204781,76.130722,84.828255,18.182501
2025-12-11,38.799999,39.900002,38.799999,39.700001,1078800,58.046768,76.695236,86.426933,18.157400
2025-12-12,39.750000,40.119999,39.500000,39.970001,708900,58.387871,77.298660,85.746017,18.031540
2025-12-15,39.990002,40.480000,39.549999,39.639999,1182400,58.017525,77.512787,86.861130,18.003229
2025-12-16,39.610001,39.680000,39.000000,39.150002,1545300,56.711571,77.162399,85.015762,17.981300
2025-12-17,39.150002,39.889999,39.080002,39.610001,771800,57.013699,77.522522,86.535484,17.956100
2025-12-18,39.419998,39.709999,39.230000,39.340000,903300,56.770046,77.074814,84.936806,18.011761
2025-12-19,39.080002,39.709999,38.990002,39.439999,2182900,56.984463,76.675751,84.571678,17.993429
2025-12-22,39.230000,39.700001,39.200001,39.419998,705200,57.150139,76.407913,82.252617,18.015600
2025-12-23,39.540001,39.790001,39.389999,39.689999,513400,56.321735,76.044922,81.344734,17.964100
2025-12-24,39.750000,40.119999,39.680000,39.889999,305400,56.779793,76.643379,81.749329,17.904289
2025-12-25,39.750000,40.119999,39.680000,39.889999,0,56.779793,76.643379,81.749329,17.904289
2025-12-26,39.889999,40.090000,39.560001,39.820000,319700,57.072174,76.751305,80.900665,17.932070
2025-12-29,39.880001,40.029999,39.599998,39.779999,436400,57.091667,76.800362,80.999344,17.896460
2025-12-30,39.700001,39.770000,39.549999,39.660000,411300,57.676422,76.672821,79.459877,17.972160
2025-12-31,39.599998,39.639999,38.970001,38.990002,940600,57.130650,76.211700,78.522385,17.978800
2026-01-01,39.599998,39.639999,38.970001,38.990002,0,57.130650,76.211700,78.522385,17.978800
2026-01-02,39.049999,39.950001,38.720001,39.869999,1069500,56.565388,76.221512,77.436874,17.984659
2026-01-05,39.849998,40.020000,39.299999,39.700001,848300,55.678505,75.887939,78.028976,17.911160
2026-01-06,39.669998,39.770000,37.529999,37.549999,1679600,54.547977,76.005669,78.038841,17.915701
2026-01-07,37.779999,37.779999,37.060001,37.139999,985300,54.772137,75.171745,76.785561,17.983400
2026-01-08,37.320000,38.509998,37.189999,38.490002,744800,55.912407,76.957336,74.466499,17.978201
2026-01-09,38.570000,38.910000,38.320000,38.779999,640500,56.555637,77.752022,72.719803,17.962299
2026-01-12,38.779999,40.410000,38.290001,40.049999,1441600,57.910320,78.664444,72.887566,17.974110
2026-01-13,39.860001,40.450001,39.779999,40.410000,907400,58.553555,79.576866,71.486259,17.909100
2026-01-14,40.410000,41.840000,40.410000,41.709999,984000,58.904408,80.675697,72.700066,17.823601
2026-01-15,41.430000,41.869999,40.919998,41.630001,904200,58.894661,80.813049,76.104652,17.785500
2026-01-16,41.349998,41.689999,41.150002,41.369999,752900,58.543808,80.557961,76.894112,17.653299
2026-01-19,41.349998,41.689999,41.150002,41.369999,0,58.543808,80.557961,76.894112,17.653299
2026-01-20,41.209999,42.029999,40.950001,41.830002,913800,59.352718,80.803238,76.420433,17.577101
2026-01-21,41.790001,41.980000,41.259998,41.450001,719700,58.465843,80.881737,78.453308,17.591999
2026-01-22,41.480000,41.869999,41.400002,41.730000,543000,59.567127,80.714935,80.496063,17.482500
2026-01-23,41.750000,42.419998,41.619999,42.029999,617800,60.093410,81.342842,79.440140,17.468100
2026-01-26,42.029999,42.639999,42.009998,42.490002,571500,62.110817,81.215294,81.285530,17.370480
2026-01-27,42.500000,43.279999,42.230000,43.270000,923100,64.079498,81.588120,82.390770,17.355400
2026-01-28,43.200001,43.700001,42.820000,43.060001,669600,62.958714,80.763992,81.026077,17.162500
2026-01-29,43.139999,44.040001,43.139999,43.430000,1081500,63.562962,80.577583,82.121025,17.149900
2026-01-30,43.349998,43.799999,42.639999,43.369999,889100,63.670174,81.931503,83.146286,17.225180
2026-02-02,43.389999,43.990002,43.360001,43.689999,776100,64.069756,82.902786,83.524551,17.466890
2026-02-03,43.349998,44.250000,43.180000,43.680000,577700,63.114651,84.246895,84.818573,17.375299
2026-02-04,43.770000,44.840000,43.310001,43.520000,1225500,63.348553,85.345726,86.271866,17.238400
2026-02-05,43.910000,44.470001,43.330002,43.459999,1015600,63.543465,85.277046,83.892845,17.324381
2026-02-06,43.400002,44.380001,43.139999,43.369999,720200,63.601948,86.277763,82.150887,17.503599
2026-02-09,43.369999,43.560001,42.900002,43.169998,759000,63.738384,85.777405,82.111069,17.251699
2026-02-10,43.049999,43.419998,42.459999,42.779999,1034800,63.309570,85.502701,81.255013,17.208799
2026-02-11,42.779999,43.490002,42.439999,43.189999,781100,62.705315,86.729073,82.797897,17.183901
2026-02-12,42.000000,43.230000,40.090000,41.650002,2256200,61.701492,87.523766,82.827759,17.193020
2026-02-13,42.310001,43.779999,41.880001,43.320000,1211100,62.315479,87.818092,83.056709,17.207001
2026-02-16,42.310001,43.779999,41.880001,43.320000,0,62.315479,87.818092,83.056709,17.207001
2026-02-17,43.480000,43.939999,42.509998,43.480000,969200,61.301907,86.532852,80.856857,17.166149
2026-02-18,43.369999,44.000000,42.939999,43.759998,1016600,62.334972,86.375877,81.862213,17.118401
2026-02-19,43.720001,43.970001,42.290001,42.450001,894400,62.695572,86.012871,83.196060,17.208549
2026-02-20,42.689999,42.709999,41.619999,41.740002,798500,62.237514,86.228714,83.425003,17.256729
2026-02-23,41.680000,41.750000,40.849998,40.990002,994600,61.360382,87.288292,83.743530,17.098280
2026-02-24,41.049999,41.959999,41.049999,41.810001,797000,61.808693,88.043739,84.490089,17.259560
2026-02-25,41.630001,41.770000,40.619999,40.919998,731600,61.019272,87.327545,84.042160,17.178900
2026-02-26,41.110001,41.599998,40.900002,41.470001,592700,61.993870,87.180374,83.464821,17.157530
2026-02-27,41.540001,43.570000,41.540001,43.160000,1286200,63.850735,88.308640,86.709846,17.202900
2026-03-02,42.700001,43.060001,41.730000,42.349998,747300,63.271080,87.033211,87.098053,17.316999
2026-03-03,41.970001,42.270000,41.040001,41.910000,594900,61.895622,86.081551,87.585800,17.303270
2026-03-04,41.720001,41.840000,40.939999,41.450001,703400,61.817020,85.512512,88.093460,17.670870
2026-03-05,41.209999,41.419998,40.709999,40.750000,756900,60.972099,83.795593,88.939552,17.593060
2026-03-06,40.750000,41.310001,40.240002,40.750000,795200,60.353142,84.158592,89.427299,17.702600
2026-03-09,40.590000,40.630001,38.830002,39.730000,1257400,60.254898,84.345001,87.396675,17.992300
2026-03-10,39.669998,39.750000,38.580002,38.639999,1529400,59.184006,84.099731,86.719803,17.673100
2026-03-11,38.910000,39.029999,37.360001,37.380001,1038000,58.761539,82.991081,87.774933,17.589781
2026-03-12,37.270000,37.389999,35.790001,36.189999,1692400,59.960152,82.657516,88.730522,17.744600
2026-03-13,36.279999,36.560001,36.139999,36.230000,875200,59.262600,83.138252,87.446442,17.834299
2026-03-16,36.410000,37.310001,36.230000,36.740002,959600,60.746128,83.373718,87.366814,17.886370
2026-03-17,36.810001,37.660000,36.810001,37.330002,609700,60.981922,83.099007,86.222099,17.683599
2026-03-18,37.040001,37.080002,35.919998,36.540001,939300,60.146824,81.077942,83.325462,17.652981
2026-03-19,36.389999,36.630001,35.250000,35.669998,504200,58.083633,80.420609,80.886719,17.842899
2026-03-20,35.669998,35.669998,34.959999,35.230000,1135600,57.160114,79.753464,77.990082,17.738100
2026-03-23,35.459999,35.590000,34.720001,34.970001,820100,58.653469,80.093849,76.715965,17.938601
2026-03-24,34.790001,35.500000,34.389999,35.220001,733800,59.822609,80.024788,78.238937,17.783649
2026-03-25,35.240002,35.560001,34.759998,35.419998,1017900,60.372791,80.419434,77.751190,17.729099
2026-03-26,35.419998,36.240002,35.400002,36.130001,1259100,61.856319,80.054382,78.338478,17.777241
2026-03-27,35.959999,36.830002,35.959999,36.720001,1310300,62.799492,80.685822,76.765739,17.913900
2026-03-30,36.730000,38.299999,36.480000,37.439999,1578500,62.642296,80.784477,78.298668,18.143221
2026-03-31,37.529999,37.860001,36.820000,37.759998,1098900,62.946861,80.883141,78.786415,18.139601
2026-04-01,37.599998,38.299999,37.150002,37.980000,1101500,63.172836,80.370102,82.977074,17.884581
2026-04-02,37.889999,38.200001,37.259998,37.330002,1334700,63.497040,80.794350,77.741234,17.823200
2026-04-03,37.889999,38.200001,37.259998,37.330002,0,63.497040,80.794350,77.741234,17.823200
2026-04-06,37.299999,37.540001,36.630001,36.970001,665700,63.369328,81.554047,78.607239,17.880400
2026-04-07,36.889999,37.009998,35.560001,35.599998,770800,63.064762,80.172783,76.885185,17.766500
2026-04-08,35.880001,36.410000,35.470001,35.939999,1471500,63.516697,81.672440,76.715965,17.514099
2026-04-09,35.549999,36.049999,35.340000,35.990002,1171600,64.273201,82.333473,77.362984,17.446400
2026-04-10,35.680000,35.790001,35.240002,35.439999,545200,64.489342,81.267929,75.481667,17.371201
2026-04-13,35.299999,35.770000,34.590000,35.630001,1006400,63.320198,80.458900,75.621017,17.430500
2026-04-14,35.320000,35.790001,34.980000,35.090000,589200,63.821259,80.379967,75.212898,17.278000
2026-04-15,35.000000,35.000000,33.500000,33.639999,1088900,62.268959,79.975449,74.675377,17.254000
2026-04-16,33.459999,33.759998,32.790001,33.650002,1242600,62.868267,80.340500,75.959457,17.243601
2026-04-17,33.540001,34.000000,33.330002,33.910000,952500,63.683716,81.356720,76.248123,17.249399
2026-04-20,33.779999,34.240002,32.980000,33.029999,1333700,62.553871,81.287659,74.774925,17.372299
2026-04-21,33.029999,33.200001,32.230000,33.090000,1303800,63.438099,80.745010,76.666191,17.309799
2026-04-22,33.090000,33.349998,32.820000,32.939999,1285200,63.418449,81.011406,76.606468,17.320299
2026-04-23,33.049999,33.840000,33.049999,33.709999,1174800,64.086533,82.363083,75.830055,17.340700
2026-04-24,33.509998,33.889999,33.230000,33.630001,751200,62.907562,82.116425,75.889778,17.414700
2026-04-27,33.520000,33.900002,33.070000,33.130001,758900,62.494930,81.238319,77.422707,17.413460
2026-04-28,33.610001,33.630001,32.599998,32.860001,1118100,62.986160,81.968422,76.925003,17.377001
2026-04-29,32.759998,33.029999,31.059999,31.150000,2330000,62.465454,81.810562,75.070000,17.384600
2026-04-30,31.150000,33.650002,30.670000,33.099998,2952500,62.946861,83.181969,77.260002,17.525900
2026-05-01,33.299999,33.380001,31.770000,31.879999,1624000,62.563702,83.043839,76.250000,17.459900
2026-05-04,31.320000,31.660000,30.280001,30.590000,1663800,67.544830,82.422272,74.750000,17.446600
2026-05-05,30.480000,31.590000,30.209999,31.320000,1771700,67.240257,82.935310,76.870003,17.519899
2026-05-06,31.459999,31.620001,30.900000,31.299999,1865900,66.896393,83.112907,76.050003,17.337700
2026-05-07,31.129999,31.290001,30.389999,30.400000,1503000,66.749023,82.856392,75.739998,17.254000
2026-05-08,30.330000,30.510000,29.090000,29.100000,1805500,67.181305,83.053703,76.089996,17.277500
2026-05-11,29.090000,29.160000,28.450001,28.660000,1474100,65.904099,82.254547,75.449997,17.214600
2026-05-12,28.900000,29.230000,28.280001,28.660000,1433100,66.277435,83.310234,78.879997,17.191601
2026-05-13,28.290001,28.570000,27.320000,27.860001,1520000,65.717422,83.586487,79.510002,17.228500
2026-05-14,28.000000,28.379999,27.670000,27.850000,1029500,65.491463,83.843010,78.010002,17.167400
2026-05-15,28.209999,28.410000,27.379999,27.559999,1114000,64.636711,83.507553,76.879997,17.230431
2026-05-18,27.129999,28.600000,27.129999,28.360001,1336700,65.511108,84.750694,77.610001,17.341900
2026-05-19,28.000000,29.049999,27.900000,28.400000,1821000,65.000229,84.938156,78.570000,17.272650
2026-05-20,28.389999,28.940001,28.139999,28.650000,1696300,65.353912,84.375778,78.260002,17.402800
2026-05-21,28.100000,29.200001,27.940001,29.000000,1291700,65.304794,83.527290,76.919998,17.304800
2026-05-22,28.709999,29.080000,28.170000,28.459999,959700,63.909687,83.665413,77.010002,17.297701
2026-05-25,28.709999,29.080000,28.170000,28.459999,0,63.909687,83.665413,77.010002,17.297701
2026-05-26,28.090000,28.590000,27.850000,28.209999,1488400,63.988277,82.511063,76.000000,17.291700
2026-05-27,28.309999,29.250000,28.309999,29.020000,1113100,64.862679,83.448364,76.029999,17.296101
2026-05-28,28.590000,28.750000,28.250000,28.540001,995500,60.913147,83.300362,76.489998,17.384199
2026-05-29,28.299999,28.570000,28.000000,28.309999,1520100,59.950329,81.800705,74.720001,17.308300
2026-06-01,27.770000,28.860001,27.760000,28.790001,1242300,59.375694,80.932480,75.139999,17.342501
2026-06-02,28.650000,28.879999,27.980000,28.000000,1167700,59.038841,80.735153,74.529999,17.352949
2026-06-03,27.980000,28.280001,27.370001,27.580000,1024100,56.561962,81.060738,75.349998,17.298250
2026-06-04,28.170000,29.459999,28.030001,28.969999,2516000,56.353905,80.942345,74.459999,17.326300
2026-06-05,29.129999,30.299999,29.020000,29.879999,1962700,58.186794,82.323608,75.650002,17.277700
2026-06-08,29.830000,30.049999,29.110001,29.180000,1335100,56.462891,81.958557,76.339996,17.462700
2026-06-09,29.200001,30.270000,29.200001,29.740000,1193000,55.947697,82.974777,77.690002,17.467699
2026-06-10,29.740000,29.980000,28.910000,29.500000,2079900,55.610844,84.346176,79.070000,17.454020
2026-06-11,29.430000,29.980000,29.400000,29.660000,1020000,55.125374,84.129120,79.870003,17.421101
2026-06-12,29.170000,30.360001,29.170000,30.070000,1113700,56.898819,84.671768,78.099998,17.246611
2026-06-15,29.760000,29.969999,28.750000,29.040001,2254200,56.770020,84.336319,79.570000,17.166300
2026-06-16,29.180000,29.389999,28.719999,29.090000,1226200,56.710575,84.444839,79.029999,17.212700
2026-06-17,28.670000,29.030001,28.160000,28.350000,1267700,55.680195,82.560402,78.300003,17.206511
2026-06-18,28.309999,28.420000,27.170000,27.320000,3063900,54.947037,82.185486,77.730003,17.297701
2026-06-19,28.309999,28.420000,27.170000,27.320000,0,54.947037,82.185486,77.730003,17.297701
2026-06-22,27.000000,27.150000,26.500000,26.629999,1343100,54.996574,81.643051,75.970001,17.347200
2026-06-23,27.250000,27.920000,26.889999,27.719999,2006400,56.888908,83.172989,79.570000,17.363899
2026-06-24,27.330000,27.969999,27.330000,27.559999,1112000,57.275303,83.888290,79.029999,17.553600
2026-06-25,27.410000,27.930000,26.620001,26.770000,1609900,57.265396,83.391556,78.239998,17.620701
2026-06-26,27.090000,28.650000,27.049999,28.610001,2795700,58.008457,84.156517,80.230003,17.509899
2026-06-29,28.610001,29.170000,28.400000,28.950001,1813600,58.107536,83.818748,79.339996,17.504900
2026-06-30,28.900000,29.010000,27.940001,28.110001,1362600,56.720482,82.527237,80.559998,17.472000
2026-07-01,28.530001,28.980000,28.040001,28.549999,1542100,57.889568,82.755737,80.449997,17.492901
2026-07-02,28.559999,28.900000,27.950001,28.760000,1859300,58.345314,84.434692,83.849998,17.554350
2026-07-03,28.559999,28.900000,27.950001,28.760000,0,58.345314,84.434692,83.849998,17.554350
2026-07-06,28.719999,29.049999,28.170000,28.650000,1550200,58.206608,83.550507,85.190002,17.476681
2026-07-07,29.400000,29.610001,28.610001,28.770000,1093100,58.275963,84.305542,85.410004,17.381300
2026-07-08,28.270000,28.920000,27.240000,27.400000,1535200,57.760769,83.838615,85.080002,17.524200
2026-07-09,27.260000,27.719999,27.080000,27.410000,1261400,57.176228,82.656387,85.349998,17.568001
2026-07-10,27.590000,28.330000,27.459999,28.250000,1617700,57.295120,83.570381,88.339996,17.538200
2026-07-13,28.420000,28.809999,28.049999,28.510000,1835000,57.384285,84.037300,83.410004,17.500521
2026-07-14,28.379999,28.400000,27.730000,28.219999,1413100,56.948357,82.874947,83.139999,17.518801
2026-07-15,28.080000,29.030001,28.080000,28.420000,2090800,56.938450,82.924622,85.360001,17.418800
2026-07-16,28.469999,29.240000,28.469999,29.010000,1544100,57.295120,85.249329,88.279999,17.370001
2026-07-17,29.469999,29.709999,28.639999,29.110001,2247900,57.235672,84.633385,88.550003,17.406700
2026-07-20,28.950001,29.490000,28.330000,29.160000,1608100,57.463547,84.305542,88.419998,17.540461
2026-07-21,29.080000,29.440001,28.410000,28.549999,1588600,56.522331,83.510765,87.250000,17.415001
2026-07-22,29.000000,29.400000,28.360001,28.430000,1146600,56.532242,83.828674,87.860001,17.403400
2026-07-23,27.920000,28.420000,27.520000,27.920000,1208400,56.225109,82.666321,88.139999,17.400900
2026-07-24,27.879999,28.820000,27.879999,28.680000,984400,56.918633,83.580307,90.320000,17.513220
2026-07-27,28.969999,29.530001,28.719999,29.190001,1337600,60.148479,84.802277,88.720001,17.438200
2026-07-28,29.910000,30.580000,29.559999,29.809999,1650100,60.614132,86.491165,93.209999,17.441799
2026-07-29,29.490000,30.010000,29.100000,29.950001,2066500,60.475430,86.789207,93.500000,17.436800
2026-07-30,29.600000,30.540001,28.680000,29.340000,2372900,60.089035,84.911560,87.080002,17.442101
2026-07-31,28.860001,29.180000,27.250000,27.360001,1971400,57.423916,84.494301,87.779999,17.344601
2026-08-03,27.530001,28.350000,27.530001,27.920000,1569700,59.058655,84.305542,87.059998,17.302719
2026-08-04,27.690001,27.690001,26.750000,26.959999,1553300,58.196705,84.812210,84.769997,17.326799
2026-08-05,27.260000,27.459999,26.270000,26.580000,1602300,57.651787,84.772476,85.669998,17.254999
2026-08-06,26.650000,27.610001,26.110001,27.549999,1343100,57.998550,84.553909,84.849998,17.232000
2026-08-07,27.299999,27.590000,27.100000,27.450001,1066000,57.503178,84.563843,85.080002,17.204130
2026-08-10,27.200001,27.420000,26.230000,26.510000,1300600,56.631313,84.394951,81.980003,17.138399
2026-08-11,26.070000,26.969999,25.900000,26.860001,1423600,55.908066,84.136658,82.559998,17.133301
2026-08-12,26.469999,27.270000,26.469999,26.860001,1559800,55.293804,84.524109,82.209999,17.073000
2026-08-13,26.950001,27.790001,26.740000,27.600000,1414000,55.868435,85.438095,82.589996,17.058901
2026-08-14,27.809999,27.990000,27.500000,27.900000,1113200,57.631973,85.527504,81.089996,17.030001
2026-08-17,27.540001,29.400000,27.350000,28.770000,2889500,58.067905,84.126717,80.440002,17.019060
2026-08-18,29.270000,29.270000,28.410000,28.490000,1618500,57.453640,85.020836,81.190002,17.030001
2026-08-19,30.400000,32.849998,30.260000,31.280001,4271300,58.008457,85.974564,80.550003,17.059830
2026-08-20,30.650000,31.840000,30.610001,31.240000,1710500,57.859848,84.762535,82.430000,16.951000
2026-08-21,31.129999,32.380001,30.760000,32.250000,1493000,57.939106,85.428154,82.800003,16.945400
2026-08-24,32.459999,32.590000,31.760000,31.790001,1162400,57.334747,86.878616,84.599998,16.915001
2026-08-25,31.469999,32.630001,31.180000,32.430000,1715500,56.641220,85.954689,84.139999,16.944201
2026-08-26,32.480000,32.529999,31.270000,31.290001,1291800,56.026955,85.706329,83.059998,16.943501
2026-08-27,30.879999,31.530001,30.700001,31.110001,1312700,54.838055,84.524109,79.750000,16.943001
2026-08-28,31.330000,31.719999,31.129999,31.690001,833800,54.887596,84.891685,80.209999,16.963499
2026-08-31,31.370001,32.180000,31.040001,31.379999,1187500,54.629997,84.424759,78.919998,17.030649
2026-09-01,31.559999,31.940001,31.000000,31.090000,1279100,55.060001,84.692993,79.019997,16.998911
2026-09-02,31.110001,31.969999,31.010000,31.120001,1071600,55.810001,84.971161,78.820000,16.990070
2026-09-03,31.040001,31.040001,30.059999,30.510000,1563700,51.759998,84.702927,76.029999,16.987200
2026-09-04,30.070000,30.760000,30.070000,30.480000,955600,51.419998,84.027374,74.629997,16.910160
2026-09-07,30.070000,30.760000,30.070000,30.480000,0,51.419998,84.027374,74.629997,16.910160
2026-09-08,30.480000,30.500000,29.580000,29.990000,1233300,52.279999,83.471024,74.830002,16.947300
2026-09-09,29.809999,30.639999,29.790001,30.240000,1465900,51.740002,82.507370,73.230003,16.909800
2026-09-10,30.370001,30.450001,29.620001,29.930000,1724000,52.459999,82.547104,73.709999,16.890390
2026-09-11,30.120001,30.420000,29.660000,30.240000,1106900,52.980000,82.835213,73.980003,16.984940
2026-09-14,30.690001,31.240000,30.240000,30.250000,1241000,53.160000,83.868416,75.019997,16.975599
2026-09-15,30.059999,30.209999,29.650000,29.860001,1294300,52.549999,83.182930,74.389999,17.120800
2026-09-16,29.900000,30.290001,29.500000,29.660000,1187300,52.119999,82.785538,74.290001,17.146400
